Id,Label
U03018,U03018
U09393,U09393
U03591,U03591
U08366,U08366
U04591,U04591
U06691,U06691
U02016,U02016
U01691,U01691
U07691,U07691
U07816,U07816
U05266,U05266
U08141,U08141
U00055,U00055
U02880,U02880
U03455,U03455
U00833,U00833
U03258,U03258
U01435,U01435
U02535,U02535
U08129,U08129
U09954,U09954
U02879,U02879
U08904,U08904
U08079,U08079
U05979,U05979
U02829,U02829
U06129,U06129
U02519,U02519
U01244,U01244
U05744,U05744
U05469,U05469
U05693,U05693
U09643,U09643
U02610,U02610
U04385,U04385
U06560,U06560
U04410,U04410
U09460,U09460
U02189,U02189
U03664,U03664
U03414,U03414
U06425,U06425
U00250,U00250
U04400,U04400
U08809,U08809
U01484,U01484
U07609,U07609
U02649,U02649
U04148,U04148
U05948,U05948
U05923,U05923
U05398,U05398
U04770,U04770
U06045,U06045
U05707,U05707
U07957,U07957
U09257,U09257
U09492,U09492
U08844,U08844
U02719,U02719
U02639,U02639
U07764,U07764
U04739,U04739
U06314,U06314
U06264,U06264
U06389,U06389
U02764,U02764
U03464,U03464
U05978,U05978
U06735,U06735
U04372,U04372
U01172,U01172
U02997,U02997
U07147,U07147
U08422,U08422
U08922,U08922
