Id,Label,UserType,Community,Influence,PageRank
U00452,U00452,Influential,C02,0.9717,0.0004726427586393
U09081,U09081,Influential,C06,0.8928,0.0004698661818667
U08082,U08082,Influential,C07,0.7131,0.0004692173488398
U07346,U07346,Influential,C21,0.9653,0.0004493385453926
U09224,U09224,Influential,C24,0.8259,0.0004444215805303
U04156,U04156,Influential,C06,0.6934,0.0004373648703623
U09348,U09348,Influential,C23,0.8572,0.0004364897900895
U08043,U08043,Influential,C18,0.8207,0.0004326645822836
U09412,U09412,Influential,C12,0.8495,0.0004318918463586
U00477,U00477,Influential,C02,0.7339,0.0004294594692368
U02130,U02130,Influential,C05,0.9119,0.0004226250312403
U06136,U06136,Influential,C11,0.7605,0.0004222982422759
U03244,U03244,Influential,C19,0.8674,0.000422176748727
U03591,U03591,Influential,C16,0.8821,0.0004131943849255
U06129,U06129,Influential,C04,0.8893,0.0004121273940053
U00859,U00859,Influential,C09,0.7248,0.0004092480465346
U02070,U02070,Influential,C20,0.8482,0.0004072241018945
U04243,U04243,Influential,C18,0.8574,0.0004052821174429
U06913,U06913,Influential,C13,0.7838,0.0003963103270434
U05988,U05988,Bridge,C13,0.7642,0.0003961351256207
U03692,U03692,Influential,C17,0.5194,0.0003960075848465
U07686,U07686,Influential,C11,0.7086,0.00038673013628
U04204,U04204,Influential,C04,0.8202,0.0003849279413497
U08920,U08920,Influential,C20,0.8896,0.0003811562302101
U00670,U00670,Active,C20,0.4885,0.0003788494276257
U05218,U05218,Influential,C18,0.7306,0.0003757135442925
U02352,U02352,Influential,C02,0.9392,0.0003756107859713
U01470,U01470,Influential,C20,0.7826,0.0003730485612403
U00505,U00505,Active,C05,0.4589,0.000372295102115
U05960,U05960,Influential,C10,0.8213,0.0003721149891971
U05559,U05559,Active,C09,0.5768,0.0003688706124468
U01835,U01835,Influential,C10,0.9139,0.0003686018579803
U08396,U08396,Influential,C21,0.8666,0.0003676272723298
U03494,U03494,Bridge,C19,0.8105,0.0003670798092871
U00736,U00736,Influential,C11,0.6365,0.0003668817523633
U08780,U08780,Influential,C05,0.8236,0.000366605139738
U05148,U05148,Bridge,C23,0.7555,0.0003647377690601
U07930,U07930,Influential,C05,0.7853,0.000363887950412
U05883,U05883,Bridge,C08,0.425,0.0003637101070021
U09269,U09269,Influential,C19,0.8841,0.000362873456751
U08066,U08066,Influential,C16,0.7601,0.0003622606676136
U06025,U06025,Active,C25,0.6704,0.0003618453283214
U04073,U04073,Influential,C23,0.7862,0.000361627705824
U03803,U03803,Influential,C03,0.9286,0.0003606993567759
U00428,U00428,Influential,C03,0.9436,0.0003600378684019
U04955,U04955,Active,C05,0.4438,0.0003594226840217
U00652,U00652,Active,C02,0.3415,0.000358254152015
U09426,U09426,Influential,C01,0.687,0.0003578648665879
U04381,U04381,Influential,C06,0.9349,0.0003573947015895
U01788,U01788,Influential,C13,0.8388,0.0003573230089409
U05087,U05087,Influential,C12,0.8492,0.0003563747092997
U06663,U06663,Influential,C13,0.8589,0.0003560178535118
U04410,U04410,Influential,C10,0.914,0.0003558914455583
U09187,U09187,Influential,C12,0.821,0.0003551699373798
U03877,U03877,Influential,C02,0.6623,0.000353543735492
U02084,U02084,Active,C09,0.5297,0.0003532723997395
U02966,U02966,Active,C16,0.3513,0.000351257199659
U07241,U07241,Bridge,C16,0.4996,0.0003497499364788
U04838,U04838,Influential,C13,0.8342,0.0003490650653449
U02733,U02733,Influential,C08,0.8668,0.0003488051098372
U07609,U07609,Influential,C09,0.8572,0.0003487402751674
U00327,U00327,Influential,C02,0.7795,0.0003485644584352
U09718,U09718,Influential,C18,0.6772,0.0003477448246865
U02879,U02879,Influential,C04,0.8715,0.0003473493018611
U02076,U02076,Influential,C01,0.879,0.0003471955515834
U05577,U05577,Active,C02,0.5888,0.0003457702489562
U06059,U06059,Influential,C09,0.8345,0.0003456907863018
U02530,U02530,Influential,C05,0.8458,0.0003444848738329
U03203,U03203,Influential,C03,0.8365,0.0003440653076512
U02622,U02622,Bridge,C22,0.6797,0.0003436047318647
U04847,U04847,Influential,C22,0.7346,0.0003422708718244
U00357,U00357,Influential,C07,0.6485,0.0003415173146875
U05071,U05071,Influential,C21,0.9452,0.0003414079250658
U07812,U07812,Influential,C12,0.7118,0.0003413269728295
U04988,U04988,Influential,C13,0.8796,0.0003412743109055
U02164,U02164,Active,C14,0.2951,0.0003410764863412
U04342,U04342,Active,C17,0.5421,0.0003406892953132
U00846,U00846,Influential,C21,0.9611,0.000340387052866
U06986,U06986,Influential,C11,0.9066,0.0003396199159244
U08752,U08752,Influential,C02,0.6754,0.0003393454940391
U04530,U04530,Active,C05,0.6348,0.0003386483151396
U08341,U08341,Influential,C16,0.7878,0.0003380898154707
U00594,U00594,Influential,C19,0.8832,0.000336967448669
U01422,U01422,Active,C22,0.461,0.0003366537742857
U06095,U06095,Influential,C20,0.8025,0.0003361601774005
U00988,U00988,Active,C13,0.577,0.0003358018750739
U01314,U01314,Influential,C14,0.9098,0.0003351493526648
U05552,U05552,Influential,C02,0.802,0.000335037999225
U02232,U02232,Bridge,C07,0.68,0.0003344000201508
U03065,U03065,Influential,C15,0.7431,0.0003338432624135
U05731,U05731,Influential,C06,0.9577,0.0003337269968223
U08735,U08735,Influential,C10,0.824,0.0003336069070228
U00195,U00195,Influential,C20,0.9309,0.0003327968536143
U00830,U00830,Influential,C05,0.6651,0.000331375326464
U05049,U05049,Influential,C24,0.9099,0.0003306219741312
U05945,U05945,Influential,C20,0.9027,0.0003298735209454
U04220,U04220,Active,C20,0.4243,0.0003293424775411
U04052,U04052,Influential,C02,0.7029,0.0003289686314159
U03777,U03777,Bridge,C02,0.8172,0.0003289344658221
U08073,U08073,Active,C23,0.5401,0.0003281684193629
