Source,Target,Type,Weight
U00195,U07346,Directed,1
U00357,U02232,Directed,1
U00357,U03591,Directed,1
U00452,U05552,Directed,2
U00452,U08082,Directed,1
U00477,U02352,Directed,1
U00477,U03777,Directed,1
U00477,U04052,Directed,1
U00505,U00830,Directed,1
U00652,U00327,Directed,1
U00652,U05552,Directed,1
U00670,U02070,Directed,2
U00670,U08920,Directed,1
U00736,U06136,Directed,3
U00736,U07686,Directed,1
U00830,U00505,Directed,1
U00830,U04847,Directed,1
U00859,U02084,Directed,1
U01314,U00452,Directed,1
U01422,U02622,Directed,1
U01422,U03877,Directed,1
U01470,U02070,Directed,1
U01470,U05960,Directed,1
U01788,U04988,Directed,1
U01788,U05988,Directed,1
U02070,U04156,Directed,1
U02070,U04220,Directed,1
U02084,U00859,Directed,1
U02130,U04530,Directed,1
U02130,U05559,Directed,1
U02130,U07930,Directed,1
U02232,U08082,Directed,2
U02530,U07930,Directed,1
U02622,U01422,Directed,1
U02733,U05883,Directed,1
U02879,U00670,Directed,1
U02966,U03591,Directed,1
U02966,U07241,Directed,1
U02966,U08341,Directed,1
U03591,U02966,Directed,2
U03591,U04156,Directed,1
U03777,U00477,Directed,3
U03777,U05552,Directed,1
U03803,U02530,Directed,1
U03877,U08752,Directed,2
U04052,U02352,Directed,1
U04073,U05148,Directed,1
U04156,U09081,Directed,1
U04220,U03494,Directed,1
U04220,U08920,Directed,2
U04243,U05218,Directed,3
U04530,U07930,Directed,2
U04838,U05577,Directed,1
U04838,U06663,Directed,1
U04847,U07346,Directed,1
U04955,U08780,Directed,2
U05049,U06095,Directed,1
U05148,U03065,Directed,1
U05148,U09348,Directed,1
U05218,U04243,Directed,1
U05552,U00452,Directed,2
U05577,U00327,Directed,1
U05577,U00452,Directed,1
U05731,U04156,Directed,1
U05960,U01835,Directed,1
U05988,U04988,Directed,1
U06095,U02070,Directed,1
U06136,U00736,Directed,1
U06136,U06986,Directed,3
U06136,U07686,Directed,1
U07241,U02966,Directed,1
U07241,U03591,Directed,1
U07346,U02076,Directed,1
U07609,U00859,Directed,1
U07686,U00736,Directed,1
U07686,U06136,Directed,2
U07686,U06986,Directed,4
U07930,U02530,Directed,3
U08043,U04847,Directed,1
U08066,U08920,Directed,1
U08073,U09348,Directed,1
U08082,U02232,Directed,3
U08341,U02966,Directed,1
U08341,U03591,Directed,1
U08780,U00846,Directed,1
U08780,U04955,Directed,1
U08920,U00670,Directed,1
U08920,U02070,Directed,2
U08920,U04220,Directed,1
U09081,U04156,Directed,1
U09081,U04381,Directed,1
U09081,U05731,Directed,2
U09348,U08073,Directed,2
U09348,U09412,Directed,1
U09412,U06136,Directed,1
