information_id,topic,content_type,origin_user,origin_platform,virality_level,virality_score,created_at
INFO0001,Entertainment,Video,U07592,Reddit,Low,0.16,2026-03-07 19:51:31
INFO0002,Politics,Text,U02602,Reddit,Low,0.2436,2026-01-15 22:43:36
INFO0003,Education,Image,U03953,Instagram,High,0.5759,2026-04-13 07:51:08
INFO0004,Science,Image,U02965,Instagram,Low,0.244,2026-06-17 01:21:03
INFO0005,Technology,Image,U07462,YouTube,Medium,0.4825,2026-02-05 00:05:00
INFO0006,News,Text,U02875,X,High,0.5861,2026-01-29 14:07:06
INFO0007,News,Video,U01744,Facebook,Medium,0.4944,2026-06-12 07:39:13
INFO0008,News,Text,U08030,YouTube,Low,0.1988,2026-01-24 10:27:55
INFO0009,Education,Image,U06930,Instagram,Low,0.1648,2026-06-01 08:26:36
INFO0010,Education,Link,U08900,X,Low,0.2049,2026-02-26 02:36:18
INFO0011,Technology,Video,U06622,Reddit,Medium,0.2924,2026-02-15 04:24:32
INFO0012,Science,Link,U02880,X,High,0.7304,2026-06-12 05:55:30
INFO0013,Gaming,Image,U00129,Instagram,Low,0.1782,2026-06-16 07:28:34
INFO0014,Science,Link,U00485,X,High,0.6212,2026-05-26 00:42:02
INFO0015,Education,Image,U09005,Instagram,Low,0.1881,2026-06-22 21:57:13
INFO0016,Artificial Intelligence,Text,U06513,Instagram,Low,0.1858,2026-06-10 22:36:20
INFO0017,Artificial Intelligence,Article,U06920,X,Medium,0.3217,2026-06-18 14:48:41
INFO0018,Technology,Image,U07612,X,High,0.5869,2026-05-28 11:24:06
INFO0019,News,Text,U01318,X,Low,0.1225,2026-02-07 16:11:24
INFO0020,Education,Link,U05611,Reddit,Medium,0.3697,2026-01-07 09:18:59
INFO0021,News,Image,U03249,Instagram,Low,0.2148,2026-03-22 05:58:20
INFO0022,Politics,Image,U04159,Reddit,High,0.659,2026-03-15 03:42:46
INFO0023,Gaming,Link,U01854,YouTube,High,0.7341,2026-03-27 13:12:11
INFO0024,Sports,Link,U04566,Instagram,Medium,0.3888,2026-03-26 03:00:14
INFO0025,Technology,Article,U00088,Instagram,Medium,0.2701,2026-04-20 06:56:20
INFO0026,Entertainment,Link,U05327,Reddit,Low,0.1805,2026-01-31 08:17:18
INFO0027,Politics,Image,U09012,Instagram,Low,0.2291,2026-05-16 17:01:14
INFO0028,Gaming,Article,U09908,Instagram,Low,0.1537,2026-03-31 17:09:24
INFO0029,Gaming,Link,U02953,Reddit,Medium,0.4606,2026-01-17 21:28:49
INFO0030,Entertainment,Text,U01932,Facebook,High,0.7447,2026-02-13 03:34:02
INFO0031,Science,Text,U04891,Instagram,Viral,0.8935,2026-04-20 08:45:33
INFO0032,Science,Article,U02056,Instagram,High,0.6124,2026-05-20 12:34:30
INFO0033,Gaming,Article,U06474,Facebook,Medium,0.508,2026-06-10 00:24:39
INFO0034,Entertainment,Image,U02724,YouTube,Medium,0.4986,2026-02-28 23:26:56
INFO0035,Politics,Video,U09636,Instagram,Low,0.2219,2026-05-02 01:23:17
INFO0036,Health,Link,U00384,YouTube,Low,0.2152,2026-01-01 02:39:32
INFO0037,Science,Article,U07125,X,Low,0.0766,2026-01-01 12:59:55
INFO0038,Technology,Image,U05954,X,Medium,0.3744,2026-06-14 08:55:04
INFO0039,Artificial Intelligence,Link,U00731,X,Medium,0.3075,2026-05-10 03:37:29
INFO0040,Gaming,Text,U02815,Facebook,Medium,0.2966,2026-02-02 05:10:06
INFO0041,Sports,Link,U06086,Instagram,Medium,0.4844,2026-02-28 02:48:24
INFO0042,Politics,Text,U00534,Reddit,Low,0.1463,2026-04-16 06:53:59
INFO0043,Gaming,Video,U09582,Reddit,Low,0.0681,2026-06-24 12:29:20
INFO0044,Technology,Image,U03153,YouTube,Low,0.1312,2026-02-03 15:41:52
INFO0045,Gaming,Video,U04009,Instagram,Low,0.2487,2026-01-08 21:50:53
INFO0046,Artificial Intelligence,Link,U05430,YouTube,Low,0.0925,2026-01-12 12:43:43
INFO0047,Entertainment,Text,U03707,Instagram,Viral,0.8794,2026-02-25 02:02:39
INFO0048,Health,Link,U03704,Reddit,High,0.6986,2026-04-23 19:10:05
INFO0049,Sports,Link,U09180,Instagram,Low,0.0899,2026-06-02 02:45:30
INFO0050,Sports,Image,U03173,Instagram,Medium,0.5403,2026-02-17 16:35:38
INFO0051,Gaming,Link,U04826,Reddit,High,0.7087,2026-03-18 12:42:19
INFO0052,Health,Text,U06992,Instagram,Low,0.0959,2026-06-07 15:28:31
INFO0053,Health,Image,U05683,Reddit,Medium,0.384,2026-05-24 18:36:08
INFO0054,Education,Video,U02007,X,Low,0.1222,2026-06-03 03:25:21
INFO0055,Technology,Article,U01483,X,Low,0.0745,2026-04-23 14:00:20
INFO0056,Entertainment,Link,U05462,Instagram,Medium,0.3354,2026-03-18 06:40:56
INFO0057,Artificial Intelligence,Image,U09850,Instagram,Medium,0.4161,2026-01-11 23:02:16
INFO0058,Sports,Text,U03977,YouTube,Viral,0.8176,2026-03-19 23:04:19
INFO0059,Entertainment,Video,U07883,Reddit,Low,0.0597,2026-04-25 04:16:11
INFO0060,Science,Image,U02623,Instagram,Low,0.1583,2026-01-03 21:22:50
INFO0061,Artificial Intelligence,Link,U09754,Instagram,Medium,0.3802,2026-02-22 01:54:37
INFO0062,Politics,Text,U03329,Instagram,High,0.5971,2026-03-08 09:21:33
INFO0063,News,Text,U09601,Reddit,Low,0.1925,2026-03-18 19:16:18
INFO0064,Sports,Article,U03754,Instagram,Low,0.0676,2026-03-14 07:24:10
INFO0065,Education,Article,U02099,X,High,0.6176,2026-06-16 00:27:11
INFO0066,Health,Article,U05219,Instagram,Low,0.0703,2026-06-15 15:29:14
INFO0067,Gaming,Text,U04127,YouTube,Low,0.1955,2026-06-24 05:43:00
INFO0068,Sports,Text,U06976,Facebook,Low,0.1765,2026-06-07 00:35:21
INFO0069,Health,Video,U00074,YouTube,Medium,0.3065,2026-01-31 17:54:50
INFO0070,Technology,Image,U05168,Instagram,High,0.6893,2026-02-22 12:32:16
INFO0071,Entertainment,Image,U02724,YouTube,Medium,0.4589,2026-01-13 04:38:38
INFO0072,Artificial Intelligence,Video,U05438,Facebook,Low,0.0568,2026-03-03 17:01:56
INFO0073,Artificial Intelligence,Link,U03439,X,Medium,0.449,2026-01-28 02:27:43
INFO0074,Technology,Link,U01722,Facebook,Low,0.1123,2026-05-10 08:40:19
INFO0075,News,Image,U07236,Instagram,Low,0.077,2026-04-25 19:33:47
INFO0076,Entertainment,Video,U04276,YouTube,Low,0.2142,2026-01-25 15:09:46
INFO0077,Health,Link,U02152,YouTube,Low,0.1712,2026-01-19 03:23:19
INFO0078,Entertainment,Link,U03871,X,Medium,0.414,2026-02-19 09:27:39
INFO0079,Technology,Video,U01794,Facebook,Medium,0.5009,2026-05-23 21:47:35
INFO0080,Science,Article,U08893,Instagram,Low,0.103,2026-01-09 01:09:31
INFO0081,Sports,Image,U06263,Facebook,High,0.5535,2026-02-08 12:01:30
INFO0082,Science,Video,U02788,Facebook,Medium,0.5346,2026-04-19 09:21:14
INFO0083,Technology,Image,U01561,Instagram,Low,0.1026,2026-04-30 21:48:39
INFO0084,Education,Article,U05576,YouTube,Low,0.1767,2026-04-16 10:06:19
INFO0085,Entertainment,Link,U04505,X,Low,0.2454,2026-04-11 22:16:55
INFO0086,Sports,Link,U05887,Instagram,Medium,0.3201,2026-04-13 23:51:56
INFO0087,Science,Article,U02815,Facebook,Viral,0.9985,2026-03-04 06:17:09
INFO0088,Technology,Link,U02212,Reddit,Low,0.1577,2026-02-03 09:07:01
INFO0089,Politics,Image,U04361,Reddit,Low,0.2418,2026-01-25 08:04:36
INFO0090,Entertainment,Video,U05938,Reddit,Low,0.0672,2026-02-12 01:55:31
INFO0091,Gaming,Link,U01314,X,Medium,0.4093,2026-03-18 01:52:27
INFO0092,Entertainment,Text,U02606,Reddit,Low,0.2389,2026-06-18 20:31:10
INFO0093,Science,Image,U01742,YouTube,Medium,0.2967,2026-03-10 11:33:19
INFO0094,Science,Image,U04914,YouTube,Low,0.105,2026-04-18 06:41:59
INFO0095,Gaming,Text,U09650,Facebook,Medium,0.3137,2026-06-21 00:52:51
INFO0096,Gaming,Image,U01486,Instagram,High,0.7914,2026-02-02 22:03:12
INFO0097,Politics,Image,U04482,YouTube,Low,0.1027,2026-04-21 15:08:30
INFO0098,Politics,Article,U09733,X,Low,0.0742,2026-01-03 14:39:25
INFO0099,News,Text,U06463,Instagram,Low,0.2094,2026-05-15 16:31:20
INFO0100,Education,Video,U02202,Facebook,Low,0.1527,2026-01-01 01:08:59
INFO0101,Science,Image,U00863,X,Viral,0.918,2026-03-12 03:48:37
INFO0102,Education,Text,U03033,YouTube,Low,0.1714,2026-06-12 07:49:38
INFO0103,Artificial Intelligence,Text,U00308,Facebook,Medium,0.4339,2026-04-30 07:53:09
INFO0104,Entertainment,Image,U01383,YouTube,Medium,0.3863,2026-02-17 16:37:37
INFO0105,Gaming,Video,U08827,X,Medium,0.5427,2026-01-27 02:40:11
INFO0106,Sports,Article,U07597,Instagram,Low,0.0848,2026-04-25 22:23:23
INFO0107,Technology,Link,U00095,Reddit,Medium,0.5374,2026-03-23 12:44:43
INFO0108,Technology,Video,U02353,X,Low,0.1085,2026-05-08 23:30:57
INFO0109,Science,Text,U06554,Instagram,Low,0.088,2026-01-22 12:49:07
INFO0110,Gaming,Article,U07767,Instagram,Viral,0.9251,2026-06-18 23:55:51
INFO0111,Entertainment,Text,U04611,Reddit,Low,0.2284,2026-04-13 02:02:24
INFO0112,News,Image,U00242,YouTube,Medium,0.3589,2026-02-14 07:48:41
INFO0113,News,Article,U03275,Facebook,Low,0.0651,2026-01-18 12:02:39
INFO0114,Artificial Intelligence,Image,U02403,YouTube,High,0.6841,2026-05-11 17:47:23
INFO0115,Technology,Link,U03248,Facebook,Medium,0.5456,2026-01-23 06:22:59
INFO0116,Science,Video,U04244,Instagram,Low,0.1279,2026-01-19 02:07:36
INFO0117,Artificial Intelligence,Article,U02249,Instagram,High,0.555,2026-05-19 22:04:51
INFO0118,Education,Text,U05718,Reddit,Low,0.1502,2026-06-08 16:05:22
INFO0119,News,Article,U03222,X,Low,0.1267,2026-04-01 02:01:59
INFO0120,Technology,Article,U08575,X,Low,0.0633,2026-03-23 14:22:56
INFO0121,Education,Image,U03415,Facebook,Medium,0.5124,2026-04-28 08:43:56
INFO0122,Science,Text,U00738,X,Medium,0.4356,2026-06-20 21:05:41
INFO0123,Artificial Intelligence,Link,U07756,X,Low,0.0808,2026-03-08 01:21:28
INFO0124,News,Link,U09020,Instagram,Low,0.2352,2026-01-17 19:19:04
INFO0125,Gaming,Text,U09251,Instagram,Low,0.1652,2026-02-28 05:04:29
INFO0126,News,Video,U02764,YouTube,Low,0.1878,2026-02-12 13:30:42
INFO0127,News,Image,U04369,YouTube,Medium,0.425,2026-01-16 02:25:54
INFO0128,Entertainment,Image,U03589,Facebook,Low,0.2457,2026-03-25 04:29:30
INFO0129,Education,Article,U08209,Reddit,High,0.7727,2026-04-22 04:30:25
INFO0130,Gaming,Video,U09344,Facebook,Medium,0.255,2026-01-03 02:14:22
INFO0131,Sports,Article,U04808,Reddit,Medium,0.2544,2026-03-13 19:02:04
INFO0132,Technology,Video,U02242,YouTube,Low,0.1476,2026-04-21 06:13:58
INFO0133,Science,Video,U07662,Instagram,Low,0.1128,2026-04-11 03:25:07
INFO0134,Politics,Video,U01036,X,Medium,0.4117,2026-01-01 14:58:23
INFO0135,Entertainment,Article,U03722,YouTube,Low,0.1177,2026-03-07 11:32:28
INFO0136,Education,Image,U04390,Instagram,Low,0.2256,2026-03-17 21:19:44
INFO0137,Technology,Text,U05264,X,Medium,0.3009,2026-04-28 04:04:30
INFO0138,Health,Text,U09529,X,Medium,0.2672,2026-04-03 14:46:26
INFO0139,Education,Article,U04291,X,Medium,0.3529,2026-01-10 16:36:06
INFO0140,Sports,Article,U06727,Facebook,Medium,0.2917,2026-02-27 00:16:30
INFO0141,Education,Video,U08278,Reddit,High,0.6979,2026-04-12 11:15:39
INFO0142,Science,Text,U03478,Facebook,Low,0.1445,2026-03-18 22:19:45
INFO0143,Entertainment,Article,U08884,Instagram,Medium,0.4624,2026-06-13 17:47:22
INFO0144,News,Image,U04201,Instagram,High,0.5682,2026-06-14 20:59:52
INFO0145,Health,Text,U06353,Instagram,Medium,0.4763,2026-03-20 11:23:32
INFO0146,Artificial Intelligence,Link,U06026,YouTube,Medium,0.333,2026-06-21 07:40:01
INFO0147,Politics,Link,U06108,Instagram,Medium,0.4514,2026-05-25 23:09:03
INFO0148,News,Article,U00550,Reddit,High,0.6228,2026-01-29 23:06:07
INFO0149,Technology,Link,U02736,Reddit,Medium,0.5001,2026-01-22 08:37:15
INFO0150,News,Link,U05048,Instagram,Low,0.2168,2026-05-16 10:36:20
INFO0151,Entertainment,Article,U06309,X,Low,0.1113,2026-02-15 20:42:55
INFO0152,Technology,Image,U07019,YouTube,Low,0.2319,2026-06-24 15:37:32
INFO0153,Science,Link,U04063,Reddit,Low,0.1142,2026-06-27 15:29:43
INFO0154,Science,Article,U08343,Instagram,Low,0.2291,2026-01-06 06:03:39
INFO0155,Science,Article,U07210,Facebook,Medium,0.3079,2026-01-05 07:42:26
INFO0156,Gaming,Image,U01971,Instagram,Medium,0.3364,2026-01-27 08:07:30
INFO0157,News,Link,U06892,X,Low,0.2268,2026-06-16 12:48:24
INFO0158,Technology,Link,U04608,Facebook,Medium,0.2742,2026-04-30 06:53:04
INFO0159,Science,Video,U07408,Instagram,Low,0.1904,2026-04-09 11:06:07
INFO0160,Politics,Text,U03573,YouTube,Low,0.1864,2026-03-05 23:32:11
INFO0161,Politics,Article,U06345,Instagram,Low,0.2444,2026-02-09 20:30:59
INFO0162,Gaming,Link,U03349,X,Low,0.2445,2026-06-07 21:49:00
INFO0163,Technology,Video,U08253,Reddit,Medium,0.3941,2026-03-19 15:13:33
INFO0164,Education,Link,U05287,YouTube,High,0.7146,2026-06-13 20:35:27
INFO0165,News,Text,U02262,Instagram,Low,0.0812,2026-01-23 21:40:43
INFO0166,Science,Text,U04299,Facebook,Medium,0.3178,2026-04-19 22:36:35
INFO0167,News,Text,U08931,YouTube,High,0.6896,2026-05-13 14:03:02
INFO0168,Technology,Text,U06671,Facebook,Low,0.0975,2026-02-06 06:38:23
INFO0169,Technology,Article,U06590,X,Medium,0.3151,2026-04-23 05:07:04
INFO0170,Politics,Image,U03141,Facebook,High,0.5557,2026-04-23 16:00:19
INFO0171,Politics,Link,U08339,Reddit,High,0.5683,2026-01-16 13:15:22
INFO0172,Gaming,Article,U02618,YouTube,Low,0.1923,2026-04-20 02:25:17
INFO0173,Sports,Image,U05290,Reddit,Viral,0.8029,2026-05-30 09:57:50
INFO0174,Technology,Link,U07597,Instagram,Low,0.2292,2026-05-24 05:10:29
INFO0175,Politics,Video,U06929,Reddit,High,0.5697,2026-03-01 19:12:07
INFO0176,Gaming,Text,U02812,Facebook,Low,0.0813,2026-02-26 16:31:25
INFO0177,Health,Image,U03380,YouTube,Medium,0.3521,2026-04-25 19:55:47
INFO0178,Entertainment,Video,U01428,Facebook,Medium,0.468,2026-02-16 02:23:20
INFO0179,Education,Video,U09856,X,Medium,0.4602,2026-01-22 22:24:25
INFO0180,News,Text,U09267,Reddit,Medium,0.324,2026-03-23 06:34:09
INFO0181,Politics,Video,U06233,X,Medium,0.3481,2026-01-13 07:58:30
INFO0182,Entertainment,Video,U08825,Instagram,Low,0.2142,2026-01-01 09:16:56
INFO0183,Sports,Link,U09950,Facebook,Medium,0.399,2026-02-22 17:32:06
INFO0184,Sports,Text,U08399,X,Medium,0.3875,2026-02-23 23:16:33
INFO0185,Artificial Intelligence,Article,U02404,X,Medium,0.44,2026-05-15 17:03:09
INFO0186,Health,Text,U08828,YouTube,Low,0.1414,2026-04-02 13:14:14
INFO0187,Education,Image,U06331,X,Medium,0.3802,2026-05-05 10:46:42
INFO0188,Health,Link,U01867,Instagram,Low,0.2097,2026-05-06 06:50:57
INFO0189,Education,Link,U00849,Facebook,Low,0.2363,2026-05-07 07:30:34
INFO0190,Health,Text,U02326,Instagram,High,0.6873,2026-05-08 00:05:20
INFO0191,Technology,Text,U05384,Instagram,Low,0.1079,2026-03-29 03:24:42
INFO0192,Gaming,Article,U07799,X,Low,0.2399,2026-04-27 07:54:05
INFO0193,Technology,Image,U04889,Instagram,Low,0.1904,2026-06-20 20:19:50
INFO0194,Technology,Link,U00510,X,Low,0.1809,2026-04-15 17:53:06
INFO0195,Gaming,Link,U01075,Instagram,Low,0.1713,2026-03-20 01:58:25
INFO0196,Health,Image,U02714,Reddit,Medium,0.4721,2026-03-22 12:15:54
INFO0197,Health,Video,U04850,YouTube,High,0.7439,2026-06-13 14:05:20
INFO0198,News,Image,U00495,Instagram,Medium,0.4874,2026-01-04 17:40:02
INFO0199,Entertainment,Link,U08460,Facebook,Low,0.2452,2026-04-23 12:26:58
INFO0200,Education,Text,U03013,Facebook,Medium,0.3734,2026-04-01 16:02:09
INFO0201,Science,Link,U01234,X,Low,0.0985,2026-01-01 10:10:11
INFO0202,Science,Text,U01841,Facebook,Medium,0.3682,2026-06-21 18:20:25
INFO0203,Science,Image,U02810,Reddit,Medium,0.48,2026-03-20 20:46:14
INFO0204,Gaming,Text,U00255,Facebook,Medium,0.4122,2026-04-13 23:46:03
INFO0205,Technology,Image,U03934,X,Medium,0.5094,2026-03-30 14:27:47
INFO0206,Education,Video,U06903,X,Low,0.0972,2026-06-25 00:37:06
INFO0207,Politics,Article,U04413,YouTube,Low,0.1974,2026-06-05 22:34:15
INFO0208,Health,Article,U03013,Facebook,Medium,0.3248,2026-03-06 20:35:22
INFO0209,Education,Image,U00097,X,Low,0.2098,2026-01-03 03:02:24
INFO0210,Entertainment,Image,U04887,Facebook,Low,0.1376,2026-06-20 06:40:29
INFO0211,Artificial Intelligence,Image,U06682,Instagram,Medium,0.5468,2026-04-24 16:56:22
INFO0212,Technology,Image,U03651,Reddit,Low,0.1837,2026-02-18 06:45:54
INFO0213,News,Article,U09033,Instagram,High,0.7354,2026-04-21 15:48:56
INFO0214,News,Text,U00964,YouTube,Low,0.0585,2026-03-15 03:39:15
INFO0215,Sports,Article,U02161,YouTube,High,0.7258,2026-02-27 00:28:48
INFO0216,Education,Text,U05215,Instagram,Low,0.1338,2026-05-29 12:28:59
INFO0217,Science,Video,U05767,Reddit,Low,0.1146,2026-05-16 14:47:07
INFO0218,Health,Article,U08213,X,Medium,0.4886,2026-05-16 21:49:40
INFO0219,Technology,Image,U06017,X,Medium,0.3186,2026-02-24 01:21:04
INFO0220,Health,Link,U06556,Instagram,High,0.5955,2026-02-22 19:30:21
INFO0221,Politics,Article,U02407,X,Low,0.1211,2026-06-19 18:25:55
INFO0222,Education,Article,U08166,X,Low,0.1759,2026-03-13 17:42:32
INFO0223,Gaming,Image,U06736,Facebook,Low,0.1015,2026-02-08 08:48:54
INFO0224,News,Link,U07011,Facebook,Low,0.1617,2026-03-20 07:11:52
INFO0225,Artificial Intelligence,Image,U08667,YouTube,Low,0.127,2026-04-24 15:43:44
INFO0226,News,Image,U06109,Instagram,Medium,0.369,2026-04-21 02:10:02
INFO0227,Gaming,Link,U02211,Facebook,Medium,0.3109,2026-02-19 19:42:48
INFO0228,Science,Link,U08593,Instagram,Low,0.1144,2026-02-02 04:37:00
INFO0229,Science,Text,U02111,YouTube,Low,0.1048,2026-03-22 23:08:28
INFO0230,Politics,Article,U07434,YouTube,High,0.6109,2026-04-21 12:38:43
INFO0231,Science,Link,U02899,Reddit,Low,0.0662,2026-03-08 22:39:49
INFO0232,Gaming,Link,U09667,X,High,0.6583,2026-04-27 16:00:52
INFO0233,Health,Image,U09883,Facebook,Medium,0.3234,2026-05-23 12:45:45
INFO0234,News,Article,U03529,Instagram,Low,0.2422,2026-04-18 08:26:57
INFO0235,News,Article,U09110,X,Low,0.1703,2026-05-18 21:22:42
INFO0236,Science,Text,U03069,YouTube,Low,0.1424,2026-06-01 15:40:20
INFO0237,Health,Image,U04934,Facebook,Low,0.1176,2026-02-19 11:29:11
INFO0238,Education,Link,U00801,Instagram,Medium,0.3882,2026-06-18 08:12:11
INFO0239,Politics,Link,U04048,Instagram,Low,0.1183,2026-02-08 20:43:46
INFO0240,Artificial Intelligence,Image,U03107,YouTube,Viral,0.9714,2026-04-27 09:49:42
INFO0241,Technology,Text,U02066,X,Low,0.1012,2026-01-06 16:41:31
INFO0242,News,Article,U04745,X,Low,0.106,2026-05-07 16:16:16
INFO0243,Artificial Intelligence,Video,U02406,X,High,0.7274,2026-05-21 15:50:24
INFO0244,Education,Link,U03717,Instagram,High,0.7752,2026-06-19 01:49:36
INFO0245,Technology,Image,U01159,YouTube,Low,0.186,2026-01-23 22:53:34
INFO0246,Entertainment,Image,U08464,Instagram,Medium,0.2754,2026-04-07 06:09:29
INFO0247,Politics,Link,U08906,Reddit,Low,0.2298,2026-01-07 10:35:34
INFO0248,Science,Video,U08850,Instagram,Low,0.2039,2026-03-05 12:58:44
INFO0249,Gaming,Video,U02618,YouTube,Medium,0.3219,2026-05-10 13:02:52
INFO0250,Gaming,Text,U00187,YouTube,Low,0.0625,2026-05-18 18:08:28
INFO0251,Sports,Text,U08497,Instagram,Low,0.1935,2026-03-07 09:45:30
INFO0252,Science,Link,U09343,Instagram,High,0.6086,2026-03-24 20:13:19
INFO0253,Health,Link,U01677,Instagram,Medium,0.4071,2026-02-20 16:26:08
INFO0254,Health,Text,U06565,Instagram,Low,0.0679,2026-04-21 08:51:58
INFO0255,Technology,Text,U06063,Facebook,Low,0.1636,2026-01-26 13:48:23
INFO0256,Technology,Article,U07764,Facebook,Medium,0.2564,2026-02-17 18:27:57
INFO0257,Science,Link,U06693,Reddit,Low,0.1568,2026-04-13 04:14:01
INFO0258,Education,Text,U05460,X,Viral,0.9667,2026-01-30 16:43:46
INFO0259,News,Video,U05073,Instagram,Low,0.1661,2026-03-01 16:22:18
INFO0260,Sports,Text,U01975,Reddit,Medium,0.5154,2026-03-03 17:55:47
INFO0261,Entertainment,Article,U03182,Instagram,Low,0.1598,2026-05-01 03:13:27
INFO0262,News,Article,U01589,YouTube,Low,0.1875,2026-04-07 08:27:45
INFO0263,News,Video,U03219,X,Medium,0.3599,2026-01-15 05:29:03
INFO0264,Politics,Image,U01018,Instagram,Low,0.1094,2026-01-17 17:32:21
INFO0265,Politics,Link,U00738,X,Low,0.1172,2026-03-06 18:20:36
INFO0266,Sports,Link,U09792,Instagram,Medium,0.2808,2026-04-25 17:15:49
INFO0267,Technology,Image,U07935,X,Low,0.1009,2026-03-31 05:59:35
INFO0268,Education,Video,U04887,Facebook,Medium,0.3661,2026-06-07 08:34:29
INFO0269,Health,Link,U04507,X,High,0.6354,2026-02-25 15:42:17
INFO0270,Science,Text,U00002,Instagram,Medium,0.3987,2026-04-06 19:19:41
INFO0271,Science,Image,U07274,X,Medium,0.3965,2026-04-14 19:09:38
INFO0272,Technology,Article,U03695,Facebook,Low,0.1971,2026-01-13 18:07:57
INFO0273,Politics,Text,U06776,YouTube,Low,0.1291,2026-05-31 22:54:36
INFO0274,Health,Video,U07721,X,Medium,0.4532,2026-06-28 10:28:08
INFO0275,Gaming,Link,U01472,Facebook,Low,0.2281,2026-02-16 09:19:07
INFO0276,Entertainment,Article,U09718,Facebook,Low,0.1412,2026-02-22 00:53:54
INFO0277,Politics,Text,U03156,Reddit,Viral,0.9107,2026-01-08 04:36:58
INFO0278,Technology,Video,U09148,Reddit,Medium,0.4532,2026-04-09 19:34:08
INFO0279,Artificial Intelligence,Video,U05675,Instagram,Medium,0.3982,2026-01-16 08:25:01
INFO0280,Politics,Article,U07404,Instagram,Low,0.0826,2026-05-20 11:34:56
INFO0281,Artificial Intelligence,Article,U05993,Reddit,Low,0.1087,2026-05-10 09:40:28
INFO0282,News,Text,U00769,Reddit,Medium,0.2585,2026-06-09 11:20:25
INFO0283,Sports,Text,U00829,Instagram,Low,0.1867,2026-04-25 03:29:47
INFO0284,Artificial Intelligence,Link,U05104,Facebook,Low,0.1059,2026-03-02 12:53:55
INFO0285,Sports,Link,U04527,YouTube,Viral,0.9647,2026-05-28 19:10:01
INFO0286,Health,Text,U08945,Instagram,Low,0.1812,2026-01-16 19:30:50
INFO0287,Gaming,Text,U03425,Facebook,Medium,0.4708,2026-03-18 10:34:15
INFO0288,Health,Link,U03909,X,Low,0.2265,2026-06-27 17:47:12
INFO0289,Technology,Article,U06543,YouTube,Medium,0.3777,2026-02-24 02:50:30
INFO0290,Science,Video,U08752,Facebook,Medium,0.3066,2026-01-30 10:16:56
INFO0291,Artificial Intelligence,Article,U02580,X,Medium,0.5307,2026-03-07 14:56:35
INFO0292,Politics,Image,U04629,X,Medium,0.5487,2026-05-18 17:32:58
INFO0293,Science,Image,U03338,Reddit,Medium,0.3154,2026-03-08 12:22:44
INFO0294,Politics,Article,U03279,Facebook,Low,0.1982,2026-02-06 20:52:28
INFO0295,Health,Link,U04915,YouTube,Low,0.0645,2026-01-05 00:18:21
INFO0296,Science,Article,U00876,YouTube,Medium,0.2582,2026-06-13 04:41:42
INFO0297,Health,Article,U00698,Reddit,Low,0.185,2026-04-28 12:03:34
INFO0298,Artificial Intelligence,Link,U00698,Reddit,Medium,0.3265,2026-01-08 23:11:46
INFO0299,Education,Image,U01519,Facebook,Medium,0.5104,2026-05-21 08:53:31
INFO0300,Gaming,Article,U01293,Instagram,Low,0.1526,2026-05-13 04:31:20
INFO0301,Health,Video,U06203,X,Low,0.2064,2026-03-07 02:32:41
INFO0302,Entertainment,Image,U09070,Instagram,Low,0.0707,2026-01-10 03:14:55
INFO0303,Artificial Intelligence,Text,U06543,YouTube,Low,0.2249,2026-05-08 19:09:10
INFO0304,Education,Article,U09733,X,Medium,0.307,2026-01-07 06:45:18
INFO0305,Sports,Link,U02604,X,Low,0.1636,2026-03-02 21:11:59
INFO0306,News,Video,U07707,YouTube,Medium,0.4329,2026-04-03 10:32:53
INFO0307,News,Text,U05954,X,Medium,0.2698,2026-02-27 12:41:56
INFO0308,Gaming,Image,U08714,Facebook,Medium,0.5433,2026-05-12 19:57:26
INFO0309,Education,Article,U01310,X,Low,0.1104,2026-01-13 08:02:26
INFO0310,Entertainment,Image,U01204,Facebook,High,0.7285,2026-04-22 03:05:15
INFO0311,News,Article,U09447,Facebook,Low,0.1763,2026-06-20 04:18:59
INFO0312,Gaming,Image,U06688,Instagram,Low,0.0566,2026-03-21 02:49:55
INFO0313,Science,Text,U05353,Instagram,Medium,0.5087,2026-04-22 21:22:14
INFO0314,Gaming,Article,U05953,Facebook,Low,0.1109,2026-01-03 15:25:28
INFO0315,Technology,Image,U01208,YouTube,Medium,0.3247,2026-02-28 11:43:32
INFO0316,News,Text,U06128,Reddit,Low,0.0617,2026-04-18 20:55:46
INFO0317,Science,Text,U03541,X,High,0.6126,2026-04-11 09:05:56
INFO0318,Science,Image,U05418,YouTube,High,0.705,2026-01-11 01:33:46
INFO0319,Science,Text,U00681,X,Low,0.0902,2026-02-16 08:27:02
INFO0320,Health,Text,U06078,Reddit,Low,0.1433,2026-05-22 22:23:58
INFO0321,Politics,Link,U07028,Instagram,Low,0.2099,2026-01-02 13:20:57
INFO0322,Sports,Link,U09630,Instagram,Low,0.241,2026-06-16 21:56:17
INFO0323,Technology,Image,U00718,YouTube,Medium,0.4601,2026-02-02 00:31:50
INFO0324,Technology,Link,U00473,Instagram,Low,0.0891,2026-01-27 06:20:12
INFO0325,Sports,Article,U04298,Facebook,Low,0.1266,2026-05-14 16:55:12
INFO0326,Politics,Video,U06079,Facebook,Medium,0.4162,2026-05-16 04:07:31
INFO0327,Gaming,Article,U03790,Facebook,High,0.7679,2026-04-22 13:15:43
INFO0328,Health,Article,U00683,Facebook,Low,0.1595,2026-05-20 03:38:04
INFO0329,Entertainment,Article,U00705,Reddit,Low,0.1483,2026-03-31 23:55:11
INFO0330,Education,Link,U04838,Reddit,Medium,0.3279,2026-02-20 01:23:11
INFO0331,Health,Link,U02246,Reddit,Low,0.1499,2026-02-25 12:03:51
INFO0332,Entertainment,Image,U04613,Instagram,Medium,0.3456,2026-06-29 18:12:33
INFO0333,Technology,Link,U08419,Instagram,Low,0.1629,2026-04-19 05:50:56
INFO0334,Science,Video,U01979,YouTube,Medium,0.4926,2026-04-26 14:01:59
INFO0335,Education,Video,U05741,Facebook,Medium,0.5337,2026-02-25 00:42:34
INFO0336,Gaming,Link,U06524,Reddit,Viral,0.9619,2026-01-31 11:12:29
INFO0337,Politics,Article,U06079,Facebook,Low,0.2157,2026-04-06 19:03:14
INFO0338,Science,Text,U00858,YouTube,Low,0.1216,2026-03-21 02:37:38
INFO0339,Artificial Intelligence,Article,U03846,YouTube,Viral,0.9391,2026-03-21 07:13:47
INFO0340,Technology,Article,U02287,X,Low,0.1276,2026-03-24 03:35:21
INFO0341,Gaming,Article,U00172,Instagram,Low,0.0548,2026-06-17 17:05:59
INFO0342,Entertainment,Text,U06654,Instagram,Low,0.2269,2026-02-08 04:52:35
INFO0343,Artificial Intelligence,Video,U05997,X,Low,0.0605,2026-01-06 06:38:09
INFO0344,News,Image,U03262,Facebook,Medium,0.2847,2026-01-14 04:12:40
INFO0345,Artificial Intelligence,Video,U01478,Instagram,Low,0.0537,2026-06-07 02:02:32
INFO0346,News,Link,U06935,Instagram,Low,0.0635,2026-04-13 05:56:39
INFO0347,Education,Video,U01014,X,Low,0.0618,2026-02-04 19:19:54
INFO0348,Entertainment,Video,U01230,YouTube,Low,0.1855,2026-04-25 17:00:15
INFO0349,Science,Video,U07248,YouTube,Medium,0.506,2026-01-11 23:50:32
INFO0350,Entertainment,Article,U05987,X,Low,0.2093,2026-05-13 01:04:24
INFO0351,News,Text,U09561,Instagram,Low,0.1753,2026-05-21 07:56:30
INFO0352,Health,Link,U09383,Instagram,High,0.7465,2026-01-16 12:36:10
INFO0353,Education,Article,U08709,Facebook,Low,0.1413,2026-05-25 09:24:02
INFO0354,Science,Text,U09515,X,Low,0.2313,2026-03-06 02:22:00
INFO0355,Entertainment,Link,U09073,Instagram,Low,0.142,2026-06-21 02:15:19
INFO0356,Health,Article,U08109,Instagram,Low,0.0556,2026-05-11 05:00:06
INFO0357,Entertainment,Article,U06488,X,Medium,0.4607,2026-01-02 08:13:44
INFO0358,News,Article,U00806,Reddit,Medium,0.4992,2026-02-17 03:56:14
INFO0359,Technology,Text,U01454,YouTube,Medium,0.3174,2026-02-17 10:48:11
INFO0360,Politics,Video,U09236,Facebook,Low,0.1136,2026-01-05 22:59:39
INFO0361,Sports,Image,U07086,Facebook,Low,0.189,2026-02-12 03:21:28
INFO0362,Gaming,Image,U09892,X,Medium,0.4221,2026-02-11 07:15:37
INFO0363,Education,Video,U09266,X,Viral,0.978,2026-03-20 14:50:33
INFO0364,Gaming,Video,U00655,Facebook,Low,0.1455,2026-04-19 20:54:58
INFO0365,Science,Article,U03934,X,Medium,0.4517,2026-06-08 08:23:56
INFO0366,Gaming,Video,U06162,YouTube,Medium,0.3315,2026-04-26 07:01:32
INFO0367,Sports,Link,U02709,Instagram,Low,0.2359,2026-06-28 08:16:10
INFO0368,Entertainment,Image,U02613,X,Low,0.124,2026-04-14 20:53:46
INFO0369,Gaming,Text,U00766,X,Low,0.1579,2026-05-14 05:02:26
INFO0370,Technology,Text,U09425,Reddit,Low,0.1733,2026-05-14 17:45:37
INFO0371,Gaming,Link,U06936,X,Medium,0.3263,2026-02-14 06:20:19
INFO0372,Education,Article,U04570,YouTube,Low,0.1133,2026-02-11 05:56:19
INFO0373,Gaming,Link,U01157,X,Medium,0.4007,2026-04-12 23:56:29
INFO0374,Entertainment,Video,U00149,Instagram,Medium,0.3313,2026-04-04 20:12:28
INFO0375,Entertainment,Image,U01378,Instagram,Low,0.076,2026-02-22 04:22:04
INFO0376,News,Video,U06374,Facebook,Low,0.2173,2026-06-29 19:23:01
INFO0377,Politics,Text,U07151,Instagram,Medium,0.3474,2026-04-29 07:47:07
INFO0378,Artificial Intelligence,Text,U03306,Reddit,Medium,0.3748,2026-02-12 22:34:27
INFO0379,Education,Image,U00062,Reddit,Medium,0.4141,2026-03-18 09:07:58
INFO0380,Science,Image,U03498,YouTube,Medium,0.5027,2026-02-05 18:55:25
INFO0381,News,Image,U02102,Instagram,Low,0.0781,2026-04-01 18:25:32
INFO0382,Health,Text,U03339,YouTube,High,0.7065,2026-03-22 10:09:37
INFO0383,News,Text,U06528,Reddit,Low,0.1202,2026-02-28 00:13:07
INFO0384,Entertainment,Text,U07258,Facebook,Low,0.2239,2026-04-19 10:51:11
INFO0385,Entertainment,Link,U03901,YouTube,Low,0.1822,2026-01-07 17:01:46
INFO0386,Education,Image,U05132,Facebook,Low,0.079,2026-04-08 18:07:22
INFO0387,Technology,Article,U04714,Facebook,Low,0.1094,2026-06-10 00:32:42
INFO0388,News,Video,U04875,Facebook,Medium,0.2608,2026-01-26 16:27:10
INFO0389,Science,Article,U00304,X,Medium,0.4812,2026-06-18 15:41:59
INFO0390,News,Article,U06011,YouTube,Low,0.1326,2026-03-25 02:45:12
INFO0391,Technology,Article,U02257,Facebook,Low,0.0597,2026-06-29 19:29:24
INFO0392,Sports,Article,U02620,Facebook,Low,0.0527,2026-01-08 18:27:33
INFO0393,Entertainment,Article,U03128,X,Medium,0.5367,2026-05-09 14:49:12
INFO0394,Artificial Intelligence,Video,U04299,Facebook,High,0.7631,2026-05-22 13:03:11
INFO0395,Politics,Article,U09400,Reddit,Low,0.1169,2026-03-03 04:17:31
INFO0396,Sports,Link,U09605,X,Low,0.1533,2026-04-12 12:02:43
INFO0397,Politics,Link,U09351,Reddit,Medium,0.4228,2026-05-26 08:32:59
INFO0398,Artificial Intelligence,Video,U04552,Instagram,High,0.6788,2026-04-27 03:36:47
INFO0399,Science,Text,U09810,Instagram,High,0.627,2026-04-09 06:31:55
INFO0400,Entertainment,Video,U09655,YouTube,Medium,0.3672,2026-06-22 13:50:51
INFO0401,Sports,Image,U00233,Instagram,High,0.5953,2026-04-26 23:13:31
INFO0402,Education,Image,U06832,Instagram,Medium,0.26,2026-03-26 18:19:26
INFO0403,Politics,Video,U02090,YouTube,Low,0.0809,2026-02-13 04:36:25
INFO0404,Gaming,Link,U06243,Instagram,Low,0.0526,2026-01-20 13:58:06
INFO0405,Health,Text,U09597,X,Medium,0.3799,2026-06-20 23:31:15
INFO0406,Health,Video,U01710,Facebook,Low,0.1822,2026-02-25 23:39:10
INFO0407,Artificial Intelligence,Image,U03736,Facebook,Low,0.0862,2026-01-01 19:01:54
INFO0408,Gaming,Image,U07380,Instagram,Low,0.1568,2026-05-16 17:37:51
INFO0409,Education,Article,U03164,X,Medium,0.3475,2026-04-14 02:53:36
INFO0410,Gaming,Video,U04919,Facebook,Low,0.074,2026-06-22 17:23:15
INFO0411,Health,Article,U06516,Facebook,Medium,0.2883,2026-05-25 23:03:01
INFO0412,Health,Link,U01053,X,High,0.7045,2026-05-31 08:44:18
INFO0413,Sports,Article,U02316,Instagram,High,0.5794,2026-01-26 00:06:06
INFO0414,News,Text,U08616,Facebook,Medium,0.416,2026-05-07 00:14:24
INFO0415,Education,Text,U05404,Instagram,Medium,0.3072,2026-06-14 15:07:40
INFO0416,Artificial Intelligence,Image,U06356,X,Medium,0.5098,2026-03-16 15:31:31
INFO0417,Science,Video,U04185,Instagram,Medium,0.265,2026-03-13 20:41:16
INFO0418,Politics,Link,U07661,Reddit,Medium,0.3661,2026-04-22 15:28:54
INFO0419,Entertainment,Link,U04441,X,Low,0.2023,2026-05-27 05:24:46
INFO0420,Education,Link,U07019,YouTube,Medium,0.4747,2026-05-02 01:52:13
INFO0421,Health,Image,U06338,Reddit,Low,0.079,2026-05-12 16:58:14
INFO0422,News,Image,U00061,Reddit,High,0.5992,2026-06-16 14:56:34
INFO0423,Technology,Link,U03299,YouTube,Low,0.1593,2026-01-24 04:07:08
INFO0424,Science,Text,U00973,Facebook,Medium,0.4553,2026-01-28 07:45:03
INFO0425,Artificial Intelligence,Article,U06295,YouTube,Low,0.2005,2026-01-02 10:31:42
INFO0426,News,Link,U05287,YouTube,Low,0.1741,2026-03-03 21:02:38
INFO0427,News,Link,U06658,YouTube,High,0.7458,2026-03-06 04:26:47
INFO0428,Entertainment,Article,U06531,X,Low,0.138,2026-05-26 22:44:47
INFO0429,Education,Article,U05769,Instagram,Low,0.1621,2026-02-03 10:16:02
INFO0430,Technology,Article,U07061,X,Low,0.1366,2026-01-02 07:55:00
INFO0431,Science,Link,U08582,Facebook,Low,0.2022,2026-04-12 04:07:36
INFO0432,Entertainment,Text,U02176,X,Low,0.085,2026-01-12 03:55:19
INFO0433,Entertainment,Text,U06795,YouTube,Low,0.1005,2026-02-19 14:02:09
INFO0434,Education,Video,U02522,Reddit,Low,0.2174,2026-02-19 20:15:06
INFO0435,Politics,Article,U01126,Reddit,Medium,0.4643,2026-04-25 07:40:23
INFO0436,Sports,Image,U04852,Instagram,Low,0.197,2026-06-05 16:04:42
INFO0437,Science,Text,U08672,YouTube,Low,0.0698,2026-04-14 18:32:02
INFO0438,Entertainment,Article,U08398,Instagram,Medium,0.3953,2026-06-12 10:21:37
INFO0439,Technology,Image,U00687,Instagram,Medium,0.4193,2026-03-29 21:26:00
INFO0440,Politics,Video,U06689,Reddit,Low,0.206,2026-06-21 05:56:14
INFO0441,Health,Article,U04388,YouTube,Low,0.1344,2026-02-11 04:44:26
INFO0442,Entertainment,Text,U00996,Reddit,Low,0.1581,2026-06-04 19:45:02
INFO0443,Sports,Text,U08857,Facebook,Medium,0.3215,2026-04-14 19:45:43
INFO0444,Artificial Intelligence,Image,U09974,Instagram,Medium,0.4996,2026-02-23 23:28:00
INFO0445,Politics,Article,U04410,X,Medium,0.5242,2026-01-03 08:27:52
INFO0446,Politics,Article,U01085,X,High,0.666,2026-04-03 08:35:53
INFO0447,Education,Video,U09435,Instagram,High,0.6593,2026-01-27 04:49:00
INFO0448,Sports,Video,U02505,Instagram,Medium,0.3485,2026-01-22 06:22:51
INFO0449,Technology,Video,U06378,Instagram,Medium,0.33,2026-04-13 06:15:31
INFO0450,Sports,Video,U05207,Facebook,High,0.6883,2026-04-01 02:34:37
INFO0451,Education,Link,U06188,Facebook,Medium,0.3006,2026-04-06 13:33:09
INFO0452,Sports,Link,U00233,Instagram,Medium,0.4268,2026-04-07 18:05:05
INFO0453,Entertainment,Link,U04116,Instagram,Medium,0.4184,2026-06-22 11:38:36
INFO0454,Science,Text,U08987,Facebook,Low,0.1888,2026-05-08 17:51:17
INFO0455,Education,Image,U02763,Facebook,Medium,0.3177,2026-02-18 17:37:36
INFO0456,Entertainment,Link,U00726,Instagram,Medium,0.4606,2026-01-18 11:32:19
INFO0457,Entertainment,Link,U09839,X,Viral,0.8034,2026-01-28 04:02:14
INFO0458,Technology,Article,U04594,X,Medium,0.4103,2026-06-19 03:10:28
INFO0459,Technology,Image,U03133,YouTube,High,0.761,2026-01-30 19:39:50
INFO0460,News,Article,U01579,Instagram,Medium,0.4683,2026-03-27 10:38:05
INFO0461,Entertainment,Link,U04681,Facebook,Medium,0.5052,2026-03-31 09:02:27
INFO0462,Education,Text,U05986,Reddit,High,0.5871,2026-01-23 01:46:53
INFO0463,Education,Link,U08413,YouTube,High,0.7297,2026-05-24 06:27:46
INFO0464,Health,Image,U02605,Reddit,Low,0.1438,2026-04-08 06:10:40
INFO0465,Health,Article,U09935,Reddit,Low,0.1146,2026-05-05 13:05:01
INFO0466,Artificial Intelligence,Link,U08427,YouTube,Medium,0.3567,2026-02-23 16:22:03
INFO0467,Sports,Image,U06886,Facebook,Low,0.0704,2026-05-06 13:51:13
INFO0468,Entertainment,Link,U07035,Reddit,Low,0.1894,2026-05-05 19:46:54
INFO0469,Education,Image,U06173,YouTube,Medium,0.4396,2026-05-27 22:40:57
INFO0470,Education,Link,U07525,X,Low,0.0805,2026-04-04 07:35:52
INFO0471,Sports,Text,U03438,Instagram,Low,0.1588,2026-03-28 02:38:19
INFO0472,Politics,Image,U06291,YouTube,Low,0.0759,2026-06-13 18:38:33
INFO0473,Health,Text,U01417,Reddit,Low,0.1127,2026-06-07 16:01:29
INFO0474,Education,Image,U07680,X,Medium,0.2632,2026-01-30 01:05:58
INFO0475,Entertainment,Link,U06251,Instagram,High,0.7053,2026-06-09 13:24:37
INFO0476,Politics,Text,U05119,Reddit,Low,0.0525,2026-04-17 13:24:14
INFO0477,Gaming,Article,U06888,Facebook,High,0.6152,2026-02-15 17:49:11
INFO0478,Artificial Intelligence,Article,U02367,X,Low,0.1033,2026-04-02 23:52:06
INFO0479,Gaming,Image,U08235,YouTube,High,0.7371,2026-01-06 05:42:43
INFO0480,Politics,Text,U03736,Facebook,Low,0.1401,2026-06-10 16:32:37
INFO0481,Science,Video,U00589,Facebook,Medium,0.422,2026-06-04 16:18:48
INFO0482,Health,Article,U04469,Reddit,High,0.6123,2026-05-19 17:39:33
INFO0483,Education,Article,U00912,X,Medium,0.4143,2026-04-18 05:23:17
INFO0484,Education,Text,U07318,Facebook,Medium,0.2948,2026-05-17 13:27:41
INFO0485,Entertainment,Image,U07294,Reddit,Low,0.2485,2026-03-02 23:09:38
INFO0486,Health,Link,U09722,Instagram,Medium,0.4051,2026-06-08 22:41:14
INFO0487,Sports,Article,U00652,YouTube,High,0.7698,2026-05-26 10:20:45
INFO0488,Artificial Intelligence,Video,U08425,Facebook,Low,0.0711,2026-04-24 05:50:29
INFO0489,Politics,Video,U08096,Reddit,Medium,0.4271,2026-04-19 07:39:33
INFO0490,Science,Image,U06056,Facebook,Low,0.1842,2026-04-29 03:55:46
INFO0491,Health,Video,U06636,Reddit,High,0.7472,2026-02-10 19:07:37
INFO0492,Sports,Link,U09020,Instagram,Low,0.1472,2026-03-21 19:30:53
INFO0493,News,Article,U00375,Facebook,High,0.559,2026-01-04 06:43:57
INFO0494,Science,Text,U01299,Instagram,Low,0.1022,2026-04-26 06:44:21
INFO0495,Politics,Text,U02956,Reddit,Low,0.1061,2026-05-03 15:27:13
INFO0496,Health,Text,U05468,X,Medium,0.3455,2026-04-17 06:03:11
INFO0497,Health,Link,U02535,YouTube,High,0.5731,2026-05-06 15:25:41
INFO0498,Artificial Intelligence,Link,U06341,Facebook,High,0.5502,2026-06-02 06:20:52
INFO0499,News,Text,U02193,Facebook,Medium,0.4059,2026-01-06 03:44:43
INFO0500,Politics,Text,U06583,Instagram,Low,0.1974,2026-05-28 15:50:16
INFO0501,Gaming,Image,U01941,X,Low,0.096,2026-04-24 19:35:36
INFO0502,Health,Image,U07882,YouTube,Medium,0.4581,2026-04-25 11:10:28
INFO0503,Sports,Image,U06351,Reddit,Medium,0.4693,2026-06-23 11:51:04
INFO0504,Science,Video,U04504,YouTube,High,0.6528,2026-04-10 07:12:27
INFO0505,Technology,Image,U09953,Instagram,High,0.6813,2026-06-28 21:39:48
INFO0506,Entertainment,Article,U05181,X,Low,0.1128,2026-04-06 07:25:57
INFO0507,Health,Image,U08373,YouTube,Medium,0.3626,2026-06-17 10:23:11
INFO0508,News,Text,U03130,X,Low,0.1678,2026-05-15 02:02:32
INFO0509,Artificial Intelligence,Image,U07977,Instagram,Low,0.1224,2026-05-24 15:24:55
INFO0510,Entertainment,Text,U03573,YouTube,Low,0.1502,2026-03-05 22:30:27
INFO0511,Technology,Video,U05215,Instagram,Low,0.1988,2026-06-25 17:55:26
INFO0512,News,Link,U02081,Facebook,Medium,0.5394,2026-04-12 21:44:02
INFO0513,Sports,Link,U09888,X,Medium,0.5173,2026-05-24 12:41:30
INFO0514,Education,Text,U04487,YouTube,Medium,0.5243,2026-02-24 09:37:29
INFO0515,Health,Image,U05099,YouTube,Low,0.2322,2026-04-09 20:34:54
INFO0516,Artificial Intelligence,Video,U01715,YouTube,Viral,0.8483,2026-03-02 11:03:29
INFO0517,Artificial Intelligence,Image,U07920,Facebook,High,0.7866,2026-05-07 11:44:50
INFO0518,Entertainment,Text,U03717,Instagram,Viral,0.8445,2026-06-04 00:56:49
INFO0519,Artificial Intelligence,Video,U03252,X,Low,0.2228,2026-03-28 05:02:53
INFO0520,Health,Link,U06448,X,Medium,0.4243,2026-05-31 18:29:34
INFO0521,News,Article,U01224,Instagram,Medium,0.5016,2026-04-24 03:56:54
INFO0522,Gaming,Image,U07314,X,Medium,0.5447,2026-06-19 15:47:07
INFO0523,Education,Video,U04958,Instagram,Medium,0.5127,2026-05-02 20:39:21
INFO0524,Science,Article,U06986,Reddit,Low,0.2133,2026-02-21 03:33:15
INFO0525,Sports,Article,U09413,YouTube,Medium,0.312,2026-01-05 19:17:43
INFO0526,Technology,Text,U07001,Reddit,High,0.765,2026-06-08 03:23:43
INFO0527,Politics,Video,U07078,YouTube,Low,0.0832,2026-01-27 03:48:21
INFO0528,Health,Image,U07861,Facebook,Low,0.1525,2026-04-07 19:41:12
INFO0529,Entertainment,Article,U01951,Facebook,Low,0.1505,2026-04-07 17:52:15
INFO0530,Gaming,Article,U02625,Facebook,Medium,0.4056,2026-05-17 13:37:09
INFO0531,Health,Image,U03827,YouTube,Low,0.1946,2026-03-18 09:51:21
INFO0532,Artificial Intelligence,Video,U00619,Reddit,Low,0.1292,2026-06-11 03:27:27
INFO0533,Education,Image,U09163,X,Low,0.1413,2026-05-17 22:34:01
INFO0534,Artificial Intelligence,Article,U03716,Instagram,Low,0.1818,2026-02-28 06:30:06
INFO0535,Education,Link,U06109,Instagram,Low,0.1865,2026-03-09 08:56:54
INFO0536,Science,Text,U04055,Instagram,Medium,0.3813,2026-06-04 18:44:28
INFO0537,Education,Article,U07645,YouTube,High,0.563,2026-02-28 05:35:37
INFO0538,Gaming,Text,U07716,Facebook,Medium,0.3277,2026-03-17 11:49:42
INFO0539,Entertainment,Link,U05659,YouTube,Medium,0.5332,2026-04-22 03:07:12
INFO0540,News,Video,U04644,Instagram,Medium,0.5282,2026-06-28 22:51:55
INFO0541,News,Text,U09991,Instagram,Low,0.1799,2026-01-13 08:35:35
INFO0542,Gaming,Text,U05517,Facebook,Low,0.087,2026-02-01 08:55:59
INFO0543,Politics,Link,U08416,X,Medium,0.2787,2026-03-20 13:03:27
INFO0544,Artificial Intelligence,Image,U01177,Reddit,Medium,0.5349,2026-02-25 16:01:19
INFO0545,News,Article,U04913,YouTube,High,0.7683,2026-05-10 15:27:26
INFO0546,Health,Image,U00960,Reddit,Medium,0.3694,2026-02-19 13:03:51
INFO0547,Technology,Image,U07977,Instagram,Medium,0.4389,2026-02-25 21:15:08
INFO0548,Gaming,Link,U09691,Instagram,Medium,0.5242,2026-06-16 21:13:38
INFO0549,Sports,Image,U06637,Facebook,Low,0.0776,2026-05-04 16:16:16
INFO0550,Entertainment,Text,U00470,Facebook,Medium,0.4409,2026-03-24 11:29:22
INFO0551,Science,Image,U09424,YouTube,Medium,0.5258,2026-04-24 14:57:42
INFO0552,Science,Article,U01910,X,Medium,0.501,2026-02-06 14:58:30
INFO0553,Science,Article,U07413,Instagram,Low,0.1074,2026-04-27 11:11:32
INFO0554,Technology,Image,U06781,Instagram,Low,0.2404,2026-01-16 03:19:03
INFO0555,Sports,Video,U05136,YouTube,Medium,0.3109,2026-06-27 17:28:12
INFO0556,Technology,Image,U02850,Instagram,Medium,0.3126,2026-06-28 23:31:24
INFO0557,Sports,Video,U02098,Reddit,Low,0.0693,2026-05-16 17:20:07
INFO0558,Sports,Article,U09641,Instagram,Medium,0.2854,2026-01-15 01:16:15
INFO0559,Science,Article,U06937,X,Medium,0.4785,2026-06-23 00:50:32
INFO0560,Artificial Intelligence,Article,U05867,X,Medium,0.3328,2026-01-04 03:14:34
INFO0561,Gaming,Video,U07412,Facebook,Medium,0.5107,2026-03-05 13:47:04
INFO0562,Education,Video,U04524,Instagram,Medium,0.5073,2026-01-24 08:37:39
INFO0563,Sports,Video,U00441,Facebook,Medium,0.2849,2026-02-11 00:40:37
INFO0564,Science,Video,U01027,Instagram,Low,0.1565,2026-06-15 08:07:12
INFO0565,Science,Text,U07116,Reddit,High,0.7349,2026-01-28 04:58:17
INFO0566,News,Image,U01803,YouTube,Medium,0.4548,2026-02-17 19:59:40
INFO0567,Politics,Video,U06220,Instagram,Low,0.0707,2026-04-21 05:15:43
INFO0568,Entertainment,Video,U06249,Instagram,High,0.6304,2026-05-04 01:16:57
INFO0569,Gaming,Article,U09547,Facebook,Medium,0.4336,2026-05-05 03:37:40
INFO0570,Education,Text,U07188,Facebook,Low,0.1669,2026-06-21 00:49:09
INFO0571,Sports,Link,U04893,Facebook,Medium,0.4942,2026-01-06 02:41:13
INFO0572,Entertainment,Video,U05299,X,Low,0.0612,2026-02-04 17:44:14
INFO0573,Education,Video,U01042,Facebook,Medium,0.3941,2026-02-10 10:41:03
INFO0574,News,Image,U04192,X,High,0.7622,2026-03-19 13:00:48
INFO0575,Sports,Link,U02959,YouTube,Medium,0.5481,2026-04-15 01:40:42
INFO0576,Sports,Image,U00014,Instagram,Low,0.0757,2026-05-27 14:41:12
INFO0577,Education,Article,U01084,Instagram,Low,0.1792,2026-03-12 03:18:03
INFO0578,Education,Link,U01372,X,Low,0.0503,2026-04-04 15:13:22
INFO0579,Artificial Intelligence,Video,U03244,YouTube,Low,0.1199,2026-01-19 00:27:21
INFO0580,News,Link,U09640,X,Low,0.139,2026-04-11 09:40:04
INFO0581,Technology,Video,U05191,Instagram,Low,0.1192,2026-01-27 00:32:46
INFO0582,Sports,Article,U00229,Reddit,Medium,0.4374,2026-02-25 10:07:47
INFO0583,Artificial Intelligence,Link,U08120,Instagram,Medium,0.2546,2026-03-24 12:17:53
INFO0584,Entertainment,Link,U03184,Instagram,Low,0.2317,2026-04-13 14:13:35
INFO0585,Health,Article,U00846,YouTube,Low,0.1137,2026-05-21 09:49:41
INFO0586,Politics,Text,U03985,X,Low,0.0801,2026-02-10 00:38:14
INFO0587,Education,Image,U05318,Instagram,Low,0.1366,2026-01-13 14:33:45
INFO0588,Gaming,Text,U07097,Facebook,Low,0.1528,2026-03-22 02:38:07
INFO0589,Artificial Intelligence,Link,U00243,X,Low,0.0604,2026-04-17 12:12:39
INFO0590,Science,Link,U07473,X,Low,0.2098,2026-04-30 10:45:27
INFO0591,Entertainment,Article,U05245,X,Low,0.1975,2026-01-26 00:35:45
INFO0592,Technology,Image,U00867,Instagram,Low,0.1524,2026-04-17 09:28:23
INFO0593,Sports,Image,U07010,Reddit,High,0.5965,2026-05-08 11:43:29
INFO0594,Gaming,Image,U01182,Instagram,Low,0.2353,2026-02-21 02:57:51
INFO0595,Gaming,Image,U00201,Instagram,Low,0.2088,2026-01-11 06:02:13
INFO0596,Science,Video,U00889,Instagram,Low,0.0967,2026-04-08 12:25:59
INFO0597,Entertainment,Image,U05491,X,High,0.734,2026-01-04 15:55:33
INFO0598,Artificial Intelligence,Video,U02756,Instagram,Low,0.0703,2026-01-19 13:25:06
INFO0599,News,Text,U02514,Instagram,Low,0.0737,2026-03-21 09:24:53
INFO0600,Entertainment,Link,U01690,Instagram,Low,0.1389,2026-02-19 17:29:13
INFO0601,Science,Article,U09280,Facebook,Low,0.1903,2026-01-19 12:49:19
INFO0602,Health,Image,U04094,Facebook,Low,0.2335,2026-05-24 17:31:43
INFO0603,Education,Text,U02110,Reddit,Low,0.2442,2026-01-27 12:44:32
INFO0604,Politics,Image,U00517,Instagram,Viral,0.9384,2026-02-15 01:41:52
INFO0605,Entertainment,Article,U03018,Reddit,Medium,0.485,2026-01-10 03:55:42
INFO0606,Politics,Text,U02292,YouTube,Medium,0.4031,2026-01-19 13:33:18
INFO0607,Education,Link,U01238,Instagram,Low,0.0612,2026-02-10 08:06:47
INFO0608,Artificial Intelligence,Image,U05026,Instagram,Low,0.0751,2026-04-22 19:46:37
INFO0609,Gaming,Link,U03733,Instagram,Medium,0.5412,2026-03-12 14:34:44
INFO0610,Sports,Image,U06207,X,High,0.6483,2026-01-23 16:03:54
INFO0611,Entertainment,Article,U03986,Instagram,Medium,0.4816,2026-02-19 08:29:07
INFO0612,Education,Image,U04642,Instagram,Low,0.0941,2026-02-12 01:19:41
INFO0613,Education,Link,U08202,Reddit,Low,0.1566,2026-05-31 00:10:52
INFO0614,Gaming,Video,U07254,Instagram,Low,0.0805,2026-01-01 23:11:32
INFO0615,Sports,Video,U09563,Facebook,Low,0.2117,2026-03-25 09:08:35
INFO0616,Politics,Video,U02849,X,Medium,0.3004,2026-05-22 16:34:00
INFO0617,News,Image,U04056,Reddit,Low,0.1912,2026-03-30 02:56:26
INFO0618,Entertainment,Image,U04534,YouTube,Medium,0.2953,2026-04-17 19:52:06
INFO0619,Science,Text,U07732,Instagram,High,0.7547,2026-03-11 04:03:55
INFO0620,Science,Video,U05483,Facebook,Medium,0.4009,2026-03-16 11:55:50
INFO0621,Education,Article,U05448,X,Medium,0.3737,2026-01-13 21:08:48
INFO0622,Sports,Link,U06392,Reddit,Viral,0.8674,2026-03-13 19:04:32
INFO0623,Science,Video,U00993,YouTube,Medium,0.4563,2026-03-22 21:17:24
INFO0624,Entertainment,Image,U01725,Instagram,Low,0.0676,2026-06-01 23:54:31
INFO0625,Entertainment,Image,U04084,X,Low,0.2212,2026-04-23 22:28:31
INFO0626,Education,Article,U04728,X,High,0.7403,2026-05-31 23:12:05
INFO0627,Sports,Video,U07116,Reddit,Medium,0.3619,2026-05-10 12:05:17
INFO0628,Science,Image,U03415,Facebook,Medium,0.5433,2026-05-16 16:22:27
INFO0629,Sports,Image,U09447,Facebook,Medium,0.4996,2026-03-07 20:14:43
INFO0630,Science,Article,U04746,Facebook,Low,0.1042,2026-06-26 20:33:26
INFO0631,Entertainment,Article,U09706,Facebook,Low,0.2275,2026-01-21 01:12:57
INFO0632,Science,Image,U01341,Instagram,Low,0.0698,2026-03-30 20:52:50
INFO0633,Education,Image,U08963,YouTube,High,0.7224,2026-03-04 21:51:48
INFO0634,Health,Article,U04696,Instagram,Low,0.0763,2026-03-05 19:01:51
INFO0635,Science,Text,U04037,X,Medium,0.5428,2026-01-06 01:47:39
INFO0636,Education,Link,U06444,X,Medium,0.2649,2026-01-29 13:36:19
INFO0637,Politics,Link,U07707,YouTube,Medium,0.3198,2026-02-15 21:32:13
INFO0638,Science,Text,U08952,X,Medium,0.409,2026-01-15 23:36:36
INFO0639,Health,Text,U05808,X,High,0.696,2026-05-11 20:11:09
INFO0640,Health,Image,U01664,Instagram,Low,0.1526,2026-06-01 18:34:25
INFO0641,Technology,Article,U07568,X,Low,0.198,2026-02-17 13:03:06
INFO0642,Technology,Article,U03412,YouTube,Low,0.0503,2026-03-15 16:46:57
INFO0643,Technology,Text,U02721,Instagram,Medium,0.4191,2026-05-31 03:41:02
INFO0644,News,Link,U04488,Facebook,Medium,0.4345,2026-03-24 06:10:34
INFO0645,Science,Video,U00313,X,Medium,0.3127,2026-01-28 04:09:29
INFO0646,Artificial Intelligence,Video,U09402,Facebook,Low,0.1818,2026-01-26 14:18:07
INFO0647,Education,Article,U06525,Facebook,Medium,0.4462,2026-04-25 23:38:03
INFO0648,Education,Image,U06503,Reddit,Low,0.156,2026-05-05 18:00:26
INFO0649,Gaming,Article,U09473,Instagram,Viral,0.8519,2026-05-03 21:13:23
INFO0650,Sports,Image,U04859,X,Low,0.1333,2026-03-20 17:34:41
INFO0651,Politics,Link,U09796,Reddit,Low,0.1045,2026-01-27 22:21:49
INFO0652,Politics,Video,U04925,Reddit,Low,0.2039,2026-03-18 18:45:05
INFO0653,Artificial Intelligence,Image,U08285,Facebook,High,0.7047,2026-01-16 12:28:19
INFO0654,Education,Link,U06777,Facebook,Medium,0.2954,2026-03-16 10:09:25
INFO0655,News,Text,U07540,X,Low,0.1635,2026-03-21 14:43:45
INFO0656,Sports,Image,U06746,Reddit,Medium,0.521,2026-04-17 22:27:58
INFO0657,Technology,Text,U05385,Reddit,Low,0.2166,2026-01-22 13:00:23
INFO0658,Politics,Text,U06384,Reddit,Low,0.2282,2026-03-09 22:40:20
INFO0659,Sports,Link,U01862,Facebook,Low,0.2334,2026-05-20 12:03:28
INFO0660,Technology,Text,U09858,YouTube,Low,0.0876,2026-04-24 14:46:08
INFO0661,Education,Image,U03190,Facebook,Low,0.1939,2026-02-22 20:25:44
INFO0662,News,Image,U07803,Reddit,High,0.7111,2026-03-23 09:54:10
INFO0663,Education,Text,U04484,Reddit,Medium,0.26,2026-01-20 11:51:19
INFO0664,Education,Text,U09230,Instagram,Medium,0.4835,2026-05-15 05:56:57
INFO0665,Science,Article,U01018,Instagram,High,0.6018,2026-06-17 23:04:36
INFO0666,Education,Link,U09839,X,Low,0.2334,2026-01-15 08:27:41
INFO0667,Education,Link,U01494,Instagram,Low,0.2171,2026-01-03 00:34:10
INFO0668,Technology,Text,U09672,Reddit,Medium,0.4807,2026-01-17 02:59:06
INFO0669,Gaming,Text,U05105,Reddit,Medium,0.459,2026-06-29 04:05:51
INFO0670,Science,Article,U02467,Facebook,Medium,0.391,2026-06-11 07:46:45
INFO0671,Technology,Text,U01951,Facebook,Low,0.2096,2026-04-16 16:34:51
INFO0672,Gaming,Text,U09867,Instagram,Low,0.2138,2026-02-26 16:42:59
INFO0673,Entertainment,Video,U03287,X,Low,0.0697,2026-06-23 20:29:15
INFO0674,Technology,Image,U09069,X,Low,0.1162,2026-01-31 06:42:57
INFO0675,Technology,Article,U05231,Facebook,Low,0.1133,2026-03-24 14:49:13
INFO0676,News,Link,U09265,X,Viral,0.8249,2026-01-19 16:10:37
INFO0677,Science,Text,U01634,X,Low,0.2452,2026-04-16 13:06:15
INFO0678,Artificial Intelligence,Text,U01309,Facebook,Low,0.1667,2026-04-04 07:32:11
INFO0679,Gaming,Text,U08119,Facebook,Low,0.168,2026-06-20 06:40:25
INFO0680,Technology,Image,U09552,Instagram,Medium,0.3647,2026-06-29 20:30:40
INFO0681,Technology,Image,U04972,Instagram,High,0.7422,2026-05-10 21:47:53
INFO0682,Artificial Intelligence,Video,U08533,Reddit,Medium,0.3927,2026-05-08 05:28:28
INFO0683,Health,Article,U01508,Instagram,Low,0.1984,2026-06-13 04:28:02
INFO0684,News,Text,U04901,X,Low,0.2256,2026-06-26 10:33:51
INFO0685,News,Link,U09955,Instagram,Low,0.1814,2026-03-26 16:33:31
INFO0686,Science,Image,U06038,Reddit,Low,0.1746,2026-02-27 04:46:04
INFO0687,Artificial Intelligence,Text,U09916,Facebook,Low,0.2074,2026-04-18 14:19:45
INFO0688,Science,Text,U08181,X,Low,0.1506,2026-01-22 14:13:25
INFO0689,Sports,Image,U09464,YouTube,Viral,0.9623,2026-02-02 21:05:05
INFO0690,Technology,Text,U01950,YouTube,Low,0.0685,2026-06-20 07:00:58
INFO0691,Sports,Video,U03891,Facebook,Low,0.0984,2026-03-07 03:36:54
INFO0692,Science,Image,U00843,Instagram,Low,0.2349,2026-05-09 19:56:42
INFO0693,Education,Video,U06366,Instagram,Low,0.0842,2026-04-17 09:14:51
INFO0694,Gaming,Article,U05524,Facebook,Low,0.1406,2026-03-04 18:06:16
INFO0695,Gaming,Video,U05110,Facebook,High,0.6702,2026-01-01 09:23:52
INFO0696,Artificial Intelligence,Article,U04637,X,Low,0.1335,2026-06-07 00:56:12
INFO0697,Politics,Video,U09565,X,Medium,0.5101,2026-05-17 20:32:37
INFO0698,Entertainment,Article,U08530,Facebook,Medium,0.4749,2026-06-26 16:04:38
INFO0699,Politics,Link,U06397,Reddit,Medium,0.4931,2026-04-09 09:18:59
INFO0700,Entertainment,Text,U03620,Reddit,Viral,0.9983,2026-01-06 22:43:30
INFO0701,Entertainment,Article,U09681,Instagram,Viral,0.995,2026-05-17 01:45:37
INFO0702,Science,Image,U07397,YouTube,Low,0.2284,2026-05-09 19:42:19
INFO0703,Education,Image,U05991,YouTube,Low,0.1631,2026-04-09 00:50:42
INFO0704,Artificial Intelligence,Article,U03019,YouTube,Low,0.1103,2026-05-21 15:59:59
INFO0705,Entertainment,Article,U02557,Facebook,Low,0.1947,2026-01-26 21:04:43
INFO0706,Technology,Article,U06013,Facebook,Low,0.2399,2026-03-16 07:53:29
INFO0707,Education,Video,U00370,Facebook,Medium,0.5471,2026-01-17 02:49:21
INFO0708,Science,Link,U01823,X,High,0.7033,2026-01-01 23:44:17
INFO0709,Technology,Link,U06898,X,High,0.7252,2026-02-20 14:50:34
INFO0710,Technology,Text,U07293,Instagram,Medium,0.3336,2026-01-20 22:11:06
INFO0711,Technology,Video,U06748,Facebook,Low,0.0903,2026-04-27 09:53:45
INFO0712,Gaming,Text,U01644,X,Low,0.1778,2026-04-15 03:19:58
INFO0713,Health,Text,U07729,Reddit,Low,0.095,2026-02-07 07:35:44
INFO0714,Gaming,Image,U01995,Instagram,Low,0.1291,2026-06-03 22:27:10
INFO0715,Gaming,Image,U03758,X,Low,0.1485,2026-01-29 18:07:04
INFO0716,Health,Video,U09111,YouTube,Low,0.2365,2026-01-03 13:22:52
INFO0717,Health,Image,U07718,Instagram,Low,0.2455,2026-01-31 04:53:26
INFO0718,Politics,Video,U05865,Facebook,Viral,0.8494,2026-04-25 18:31:01
INFO0719,Technology,Link,U00524,Reddit,Low,0.0764,2026-01-18 22:00:24
INFO0720,Artificial Intelligence,Image,U04391,Facebook,Low,0.095,2026-06-05 20:04:42
INFO0721,Artificial Intelligence,Image,U06112,Instagram,High,0.6797,2026-01-20 18:19:42
INFO0722,Entertainment,Image,U05686,X,Medium,0.4849,2026-06-10 09:38:16
INFO0723,Gaming,Image,U05222,X,Viral,0.9044,2026-03-28 00:30:44
INFO0724,Technology,Article,U08694,X,Medium,0.5299,2026-06-29 07:59:18
INFO0725,Entertainment,Article,U04740,Instagram,Low,0.1775,2026-05-16 23:12:35
INFO0726,News,Link,U09119,Instagram,Viral,0.8967,2026-04-27 06:35:12
INFO0727,Health,Text,U03937,Facebook,Low,0.2041,2026-06-29 22:25:42
INFO0728,Artificial Intelligence,Link,U01193,Instagram,Low,0.2407,2026-02-28 06:34:35
INFO0729,Entertainment,Image,U04714,Facebook,High,0.6333,2026-05-19 07:32:07
INFO0730,Gaming,Link,U04937,YouTube,Low,0.105,2026-03-06 15:30:09
INFO0731,Education,Article,U01567,YouTube,High,0.6033,2026-02-20 23:58:37
INFO0732,Education,Image,U09105,YouTube,Low,0.1571,2026-03-30 04:24:34
INFO0733,Health,Link,U09022,X,Low,0.1436,2026-01-17 12:08:24
INFO0734,Sports,Video,U09999,Reddit,Low,0.0994,2026-03-16 20:40:51
INFO0735,Technology,Image,U08155,X,Viral,0.9443,2026-04-19 14:16:20
INFO0736,Artificial Intelligence,Image,U07613,YouTube,Medium,0.3393,2026-05-31 02:56:55
INFO0737,Politics,Article,U01595,Facebook,Low,0.2013,2026-05-09 06:52:03
INFO0738,Sports,Article,U04106,Instagram,High,0.7597,2026-06-25 12:17:26
INFO0739,Entertainment,Link,U09770,YouTube,Medium,0.5099,2026-03-03 22:21:06
INFO0740,News,Video,U05295,Instagram,High,0.5866,2026-06-27 16:03:11
INFO0741,Technology,Link,U09706,Facebook,Medium,0.3418,2026-05-16 12:19:21
INFO0742,Technology,Article,U04559,X,Low,0.1548,2026-06-23 18:02:11
INFO0743,Technology,Video,U09876,X,Viral,0.9691,2026-04-20 23:47:44
INFO0744,Politics,Link,U05887,Instagram,High,0.6503,2026-04-11 22:32:44
INFO0745,Technology,Article,U07032,Facebook,Low,0.182,2026-01-13 22:44:24
INFO0746,Sports,Article,U05433,YouTube,Low,0.1409,2026-02-16 17:14:36
INFO0747,Technology,Text,U04479,Instagram,Low,0.0559,2026-06-23 12:51:00
INFO0748,Science,Text,U06539,X,Low,0.1133,2026-03-28 05:55:57
INFO0749,Artificial Intelligence,Video,U03649,X,Low,0.2013,2026-04-19 18:26:09
INFO0750,Gaming,Video,U09630,Instagram,High,0.7326,2026-01-12 09:01:53
INFO0751,Education,Image,U03604,Facebook,Medium,0.5151,2026-04-10 10:13:28
INFO0752,Politics,Image,U07847,X,Medium,0.4279,2026-04-30 14:36:21
INFO0753,News,Article,U06518,YouTube,Low,0.2033,2026-02-28 12:07:54
INFO0754,Technology,Link,U02955,Instagram,Low,0.133,2026-06-20 04:30:13
INFO0755,Gaming,Video,U04621,X,Medium,0.3549,2026-02-16 16:17:26
INFO0756,Technology,Text,U02853,Facebook,Low,0.118,2026-04-10 11:24:55
INFO0757,Gaming,Video,U04488,Facebook,Low,0.0818,2026-05-18 18:13:15
INFO0758,Sports,Article,U01813,Instagram,Medium,0.3813,2026-03-08 09:52:22
INFO0759,Entertainment,Video,U09837,Facebook,Low,0.2121,2026-04-14 19:18:36
INFO0760,Technology,Article,U07513,X,Low,0.0524,2026-04-24 14:06:24
INFO0761,Science,Text,U02853,Facebook,High,0.6937,2026-04-20 08:14:03
INFO0762,News,Text,U02657,Reddit,Low,0.0846,2026-03-13 15:18:14
INFO0763,Sports,Image,U03919,YouTube,Viral,0.9488,2026-02-11 08:09:44
INFO0764,Entertainment,Image,U05537,X,Medium,0.2921,2026-02-26 12:42:07
INFO0765,Health,Image,U03642,Reddit,High,0.591,2026-03-04 13:22:02
INFO0766,Education,Text,U08608,Facebook,Low,0.0585,2026-01-09 22:47:44
INFO0767,Gaming,Link,U02291,Facebook,Medium,0.3828,2026-03-18 04:17:49
INFO0768,Artificial Intelligence,Article,U09832,Instagram,Low,0.1795,2026-01-31 16:00:53
INFO0769,Gaming,Image,U04842,Instagram,High,0.6222,2026-04-27 13:18:55
INFO0770,News,Link,U00434,Facebook,Low,0.0583,2026-03-21 02:01:11
INFO0771,Sports,Link,U02898,YouTube,High,0.7832,2026-03-11 17:54:44
INFO0772,Politics,Image,U02886,Instagram,High,0.7651,2026-03-16 06:20:41
INFO0773,Technology,Article,U07780,Reddit,High,0.6657,2026-06-11 23:42:48
INFO0774,Entertainment,Text,U03626,Instagram,Viral,0.9647,2026-06-09 02:42:43
INFO0775,Politics,Image,U03530,X,Low,0.2102,2026-02-14 18:48:17
INFO0776,Entertainment,Text,U08194,Facebook,Low,0.1623,2026-04-14 05:36:59
INFO0777,Artificial Intelligence,Link,U03031,YouTube,Low,0.1554,2026-03-23 03:57:35
INFO0778,Sports,Image,U00799,Reddit,Low,0.1802,2026-02-16 11:29:46
INFO0779,Politics,Article,U06123,Reddit,Medium,0.4666,2026-04-06 00:48:40
INFO0780,Technology,Text,U01389,Instagram,Medium,0.4962,2026-01-01 09:36:29
INFO0781,Entertainment,Article,U03012,Facebook,Medium,0.4223,2026-05-06 20:02:37
INFO0782,Entertainment,Article,U01630,Instagram,Low,0.1992,2026-02-05 18:27:41
INFO0783,Health,Video,U04601,Reddit,Medium,0.3057,2026-01-13 10:12:59
INFO0784,Technology,Article,U05799,Reddit,Viral,0.9492,2026-03-02 00:31:50
INFO0785,Gaming,Image,U09493,YouTube,Viral,0.8116,2026-06-07 15:42:25
INFO0786,Entertainment,Image,U00008,Reddit,Low,0.1817,2026-06-01 09:22:02
INFO0787,Science,Article,U02240,X,Medium,0.4638,2026-01-17 02:04:48
INFO0788,Artificial Intelligence,Video,U07627,YouTube,High,0.7919,2026-04-14 18:49:56
INFO0789,Education,Image,U05432,Instagram,Low,0.1344,2026-03-27 15:38:18
INFO0790,Artificial Intelligence,Link,U07274,X,Low,0.0728,2026-05-24 17:04:10
INFO0791,Sports,Link,U04845,X,High,0.6337,2026-03-10 11:54:18
INFO0792,News,Article,U01711,Instagram,High,0.6548,2026-05-11 02:47:57
INFO0793,Science,Video,U07011,Facebook,Viral,0.954,2026-05-19 03:49:22
INFO0794,News,Article,U00958,Instagram,Low,0.0872,2026-05-08 22:23:10
INFO0795,Politics,Image,U01097,Instagram,Low,0.084,2026-06-02 04:33:21
INFO0796,Entertainment,Article,U09074,X,Low,0.094,2026-05-16 23:36:10
INFO0797,Artificial Intelligence,Link,U08970,YouTube,Low,0.0962,2026-05-09 13:59:11
INFO0798,Artificial Intelligence,Text,U00981,Instagram,Low,0.2348,2026-02-17 18:00:26
INFO0799,News,Text,U06403,YouTube,Low,0.0821,2026-04-17 05:38:42
INFO0800,Science,Image,U06331,X,Medium,0.3739,2026-04-03 18:49:05
INFO0801,Sports,Article,U05494,Instagram,Low,0.1307,2026-01-30 08:29:48
INFO0802,Gaming,Text,U02017,Instagram,Medium,0.2883,2026-04-24 17:54:12
INFO0803,Health,Video,U02262,Instagram,Low,0.0718,2026-05-04 10:51:04
INFO0804,News,Text,U08399,X,Low,0.232,2026-02-12 20:23:52
INFO0805,Politics,Video,U01362,Reddit,Low,0.2173,2026-01-30 13:24:19
INFO0806,Sports,Article,U03155,X,Low,0.2366,2026-01-06 14:46:03
INFO0807,Politics,Link,U05516,Facebook,Medium,0.3451,2026-02-17 16:50:59
INFO0808,Sports,Text,U09251,Instagram,High,0.6816,2026-01-29 20:04:21
INFO0809,Entertainment,Link,U03395,Reddit,Low,0.1012,2026-03-26 22:12:58
INFO0810,Politics,Image,U08229,YouTube,High,0.648,2026-03-15 18:52:44
INFO0811,Health,Video,U02078,Instagram,Viral,0.9588,2026-05-27 14:23:43
INFO0812,Sports,Article,U01693,Facebook,Low,0.1453,2026-04-18 12:38:06
INFO0813,Entertainment,Image,U06763,X,Low,0.0719,2026-01-14 21:34:45
INFO0814,Artificial Intelligence,Video,U08582,Facebook,Low,0.0506,2026-01-19 07:13:32
INFO0815,Entertainment,Image,U00497,Facebook,Medium,0.3208,2026-06-06 02:06:43
INFO0816,Science,Article,U07012,YouTube,Low,0.0866,2026-02-05 17:27:05
INFO0817,Artificial Intelligence,Image,U03610,Facebook,High,0.7485,2026-03-13 14:44:01
INFO0818,Entertainment,Video,U07993,Instagram,Low,0.1833,2026-02-24 07:15:46
INFO0819,Sports,Article,U03615,YouTube,Viral,0.9677,2026-06-26 14:59:00
INFO0820,Science,Link,U05988,Instagram,Medium,0.3756,2026-03-02 23:25:03
INFO0821,Health,Article,U07689,YouTube,Viral,0.9167,2026-02-20 12:30:57
INFO0822,Gaming,Image,U08378,YouTube,Low,0.1335,2026-03-24 16:39:13
INFO0823,Education,Video,U04566,Instagram,Medium,0.3164,2026-04-23 04:32:22
INFO0824,Gaming,Video,U01972,YouTube,Low,0.1762,2026-03-20 23:48:24
INFO0825,Gaming,Link,U00096,Facebook,High,0.6471,2026-04-23 08:26:44
INFO0826,Entertainment,Text,U06862,Instagram,Low,0.0999,2026-04-14 15:50:12
INFO0827,Science,Image,U02343,Facebook,Medium,0.5315,2026-01-11 12:45:39
INFO0828,News,Image,U07329,Facebook,High,0.577,2026-05-19 01:19:21
INFO0829,Entertainment,Text,U09786,Instagram,High,0.7442,2026-05-24 15:13:44
INFO0830,Education,Video,U07223,Facebook,Medium,0.4149,2026-02-11 20:21:12
INFO0831,Artificial Intelligence,Video,U02269,Instagram,Low,0.2026,2026-04-22 18:09:18
INFO0832,Entertainment,Text,U07162,YouTube,High,0.5725,2026-05-08 12:38:42
INFO0833,Education,Article,U03049,Facebook,Low,0.1281,2026-02-08 00:53:01
INFO0834,Technology,Video,U07561,X,Medium,0.4888,2026-06-16 10:03:10
INFO0835,Politics,Article,U05651,Reddit,Viral,0.963,2026-05-21 09:36:30
INFO0836,Health,Video,U02244,YouTube,Low,0.2078,2026-06-17 18:37:12
INFO0837,Sports,Link,U00851,Reddit,Low,0.1989,2026-02-09 12:53:59
INFO0838,News,Link,U08679,Facebook,Low,0.1253,2026-02-26 19:38:16
INFO0839,News,Image,U02360,YouTube,Medium,0.4649,2026-02-07 11:45:41
INFO0840,Education,Video,U00920,X,High,0.5774,2026-05-16 16:15:22
INFO0841,News,Article,U01050,X,Medium,0.2988,2026-03-18 15:28:13
INFO0842,Science,Image,U07296,Instagram,Low,0.158,2026-02-08 06:41:38
INFO0843,Health,Article,U02304,X,High,0.6874,2026-06-02 04:52:53
INFO0844,Gaming,Image,U03285,X,Low,0.1444,2026-01-14 01:56:13
INFO0845,Technology,Link,U00444,Reddit,High,0.7337,2026-06-13 07:23:52
INFO0846,Gaming,Article,U04788,Reddit,Low,0.1628,2026-02-22 02:56:10
INFO0847,Health,Image,U04148,Instagram,Medium,0.2697,2026-06-18 20:59:33
INFO0848,Science,Article,U03353,Facebook,Viral,0.9774,2026-02-11 06:23:51
INFO0849,Health,Image,U09442,Reddit,Low,0.1756,2026-06-03 09:35:24
INFO0850,Artificial Intelligence,Image,U08852,X,Medium,0.5186,2026-04-07 20:24:53
INFO0851,Education,Link,U06246,X,Low,0.1359,2026-03-07 03:51:39
INFO0852,Politics,Image,U04687,Facebook,High,0.5505,2026-06-20 05:45:20
INFO0853,Science,Video,U00394,Facebook,Medium,0.4788,2026-03-13 22:31:22
INFO0854,Artificial Intelligence,Image,U09311,YouTube,Medium,0.4198,2026-01-11 02:19:51
INFO0855,Artificial Intelligence,Link,U02386,X,Low,0.0539,2026-03-13 18:25:11
INFO0856,Technology,Text,U03526,Instagram,Low,0.1645,2026-06-10 04:10:24
INFO0857,Science,Text,U01775,Instagram,High,0.7828,2026-02-26 15:45:47
INFO0858,Health,Text,U07786,Facebook,Low,0.0917,2026-06-24 16:34:51
INFO0859,Health,Link,U08862,X,High,0.6204,2026-02-12 02:04:05
INFO0860,Technology,Video,U09455,Reddit,Medium,0.4449,2026-05-22 09:54:19
INFO0861,Education,Text,U04183,Facebook,Medium,0.4963,2026-01-12 21:27:03
INFO0862,Science,Article,U04456,Instagram,Low,0.1783,2026-03-09 16:27:30
INFO0863,Sports,Video,U08339,Reddit,Low,0.1843,2026-05-14 10:08:05
INFO0864,Artificial Intelligence,Video,U03129,YouTube,Medium,0.348,2026-05-08 02:19:53
INFO0865,Education,Article,U08439,Reddit,Medium,0.253,2026-04-03 16:26:03
INFO0866,Sports,Text,U05239,Facebook,Low,0.218,2026-01-10 16:43:52
INFO0867,Health,Video,U00197,Reddit,Low,0.249,2026-03-20 07:35:17
INFO0868,News,Article,U06250,YouTube,Low,0.2233,2026-01-22 08:35:23
INFO0869,Politics,Text,U08994,Instagram,Low,0.1295,2026-01-18 17:04:17
INFO0870,Artificial Intelligence,Article,U02536,Instagram,High,0.638,2026-06-03 11:06:38
INFO0871,Sports,Article,U09934,Reddit,Medium,0.538,2026-04-19 11:59:05
INFO0872,Entertainment,Link,U01685,Instagram,Low,0.2477,2026-01-21 17:16:20
INFO0873,Health,Article,U06378,Instagram,Low,0.1724,2026-06-05 02:49:56
INFO0874,News,Article,U01849,Instagram,Low,0.1529,2026-04-21 22:23:12
INFO0875,Health,Image,U07186,X,Low,0.1533,2026-05-23 21:16:39
INFO0876,News,Text,U03264,YouTube,Low,0.0904,2026-01-13 18:03:28
INFO0877,Health,Image,U05257,Instagram,High,0.732,2026-03-06 15:08:39
INFO0878,Health,Text,U06143,X,Low,0.0842,2026-03-11 05:34:59
INFO0879,News,Image,U09635,YouTube,Low,0.0919,2026-03-05 12:37:30
INFO0880,Sports,Image,U08937,X,Low,0.1848,2026-03-12 19:50:22
INFO0881,Health,Image,U09479,Instagram,Medium,0.5108,2026-05-30 14:37:16
INFO0882,Gaming,Text,U04626,Facebook,Low,0.1832,2026-03-19 16:58:21
INFO0883,News,Video,U07670,YouTube,High,0.6687,2026-05-17 00:05:46
INFO0884,Entertainment,Link,U09168,Instagram,Low,0.189,2026-05-13 07:10:43
INFO0885,Health,Article,U04386,Instagram,High,0.6637,2026-03-25 01:29:31
INFO0886,Sports,Text,U09909,Instagram,High,0.7136,2026-01-01 20:02:29
INFO0887,Sports,Image,U02485,Reddit,Medium,0.4841,2026-03-08 05:02:47
INFO0888,Science,Article,U07570,Reddit,Low,0.0529,2026-05-27 09:39:38
INFO0889,Sports,Video,U09708,X,Medium,0.3157,2026-05-06 16:51:53
INFO0890,Technology,Image,U05189,YouTube,Low,0.1906,2026-03-14 00:52:13
INFO0891,Entertainment,Video,U05242,X,Low,0.1303,2026-04-11 13:23:51
INFO0892,Technology,Link,U06988,Reddit,Low,0.1544,2026-02-16 07:44:18
INFO0893,Technology,Link,U07654,Instagram,Medium,0.4555,2026-06-27 17:26:58
INFO0894,Technology,Article,U09246,Facebook,High,0.6816,2026-01-25 06:49:46
INFO0895,Gaming,Article,U03667,Reddit,Medium,0.5011,2026-05-19 20:15:22
INFO0896,Artificial Intelligence,Text,U07785,X,Low,0.1258,2026-06-28 14:49:46
INFO0897,Gaming,Article,U08213,X,Low,0.1884,2026-03-03 22:49:53
INFO0898,Technology,Link,U08257,X,High,0.6563,2026-02-08 12:42:07
INFO0899,Artificial Intelligence,Image,U01008,Facebook,Low,0.1559,2026-06-26 04:47:26
INFO0900,Education,Image,U01200,YouTube,Low,0.0727,2026-01-28 11:41:56
INFO0901,News,Image,U03170,X,Low,0.2163,2026-02-26 08:44:38
INFO0902,News,Article,U00850,Reddit,Low,0.114,2026-05-08 21:31:00
INFO0903,Science,Text,U07695,Instagram,Low,0.1102,2026-05-01 04:57:07
INFO0904,Artificial Intelligence,Article,U09497,Instagram,Medium,0.2766,2026-04-03 04:26:01
INFO0905,Entertainment,Article,U05977,YouTube,Medium,0.4019,2026-03-26 08:55:42
INFO0906,Education,Text,U06597,X,Medium,0.3754,2026-03-20 23:27:03
INFO0907,Science,Link,U09950,Facebook,Medium,0.2797,2026-05-13 06:54:30
INFO0908,Education,Text,U03843,X,Low,0.2003,2026-06-01 06:18:13
INFO0909,Gaming,Image,U00287,X,Medium,0.2699,2026-03-13 04:41:30
INFO0910,Science,Video,U04613,Instagram,High,0.5863,2026-05-11 23:13:51
INFO0911,Sports,Image,U03216,YouTube,Medium,0.3882,2026-05-02 04:43:01
INFO0912,Artificial Intelligence,Video,U02084,Reddit,High,0.6394,2026-04-23 12:27:28
INFO0913,Technology,Article,U03996,Instagram,Viral,0.8551,2026-05-17 14:10:36
INFO0914,News,Image,U00349,X,Low,0.1628,2026-02-25 05:55:51
INFO0915,Entertainment,Article,U06904,Reddit,Low,0.1549,2026-01-23 03:21:38
INFO0916,Entertainment,Text,U09614,Instagram,Low,0.1365,2026-06-26 06:59:39
INFO0917,Gaming,Article,U01576,Reddit,Low,0.2052,2026-03-19 01:59:34
INFO0918,Gaming,Article,U00147,Facebook,Low,0.1496,2026-01-07 08:22:39
INFO0919,Sports,Video,U05713,Facebook,Medium,0.5436,2026-05-20 09:02:25
INFO0920,News,Link,U07680,X,High,0.7505,2026-04-27 02:17:30
INFO0921,Health,Link,U03331,YouTube,Low,0.0713,2026-02-26 02:56:30
INFO0922,Artificial Intelligence,Link,U03392,X,Low,0.1048,2026-06-23 16:21:00
INFO0923,Science,Article,U03063,Facebook,Low,0.1572,2026-04-21 18:30:47
INFO0924,Science,Image,U09342,X,Low,0.1438,2026-02-18 23:06:00
INFO0925,Science,Video,U08280,YouTube,High,0.5617,2026-05-04 00:39:05
INFO0926,Sports,Text,U03934,X,Medium,0.4084,2026-01-05 10:56:05
INFO0927,Science,Article,U08108,X,Medium,0.4316,2026-06-08 16:49:57
INFO0928,Gaming,Video,U05978,Instagram,Low,0.1427,2026-04-11 16:08:28
INFO0929,Politics,Image,U06437,Reddit,Medium,0.5098,2026-02-21 05:43:17
INFO0930,Technology,Text,U08161,Reddit,Medium,0.417,2026-02-26 07:57:21
INFO0931,Gaming,Text,U00564,X,Medium,0.4859,2026-05-23 15:39:31
INFO0932,Artificial Intelligence,Video,U08948,YouTube,Low,0.1674,2026-01-10 15:17:24
INFO0933,Artificial Intelligence,Link,U06177,X,Medium,0.5228,2026-03-04 01:34:53
INFO0934,Education,Image,U00395,Facebook,Medium,0.3143,2026-03-07 14:49:24
INFO0935,Science,Image,U02347,Instagram,Low,0.2163,2026-01-23 05:48:09
INFO0936,Sports,Image,U00935,Instagram,High,0.662,2026-05-16 03:56:23
INFO0937,Sports,Article,U05248,Facebook,High,0.7244,2026-06-14 02:03:31
INFO0938,Sports,Text,U09803,Reddit,Medium,0.4198,2026-06-11 16:13:30
INFO0939,Technology,Link,U01465,X,High,0.5772,2026-01-12 01:00:26
INFO0940,Politics,Image,U00859,Reddit,Medium,0.381,2026-04-26 13:46:48
INFO0941,Artificial Intelligence,Text,U01081,Reddit,Medium,0.4522,2026-04-12 04:13:39
INFO0942,Technology,Image,U05075,Instagram,High,0.7746,2026-04-14 05:52:33
INFO0943,Entertainment,Video,U08630,Instagram,Medium,0.3155,2026-02-14 18:51:53
INFO0944,Politics,Image,U01057,Reddit,Low,0.121,2026-06-21 00:44:15
INFO0945,Technology,Video,U00829,Instagram,Medium,0.3582,2026-02-14 16:24:51
INFO0946,Science,Text,U03615,YouTube,Medium,0.4073,2026-03-23 00:06:07
INFO0947,Gaming,Link,U03973,Reddit,Medium,0.5089,2026-03-18 11:44:41
INFO0948,Artificial Intelligence,Image,U00406,Facebook,Low,0.1291,2026-06-07 10:28:58
INFO0949,Health,Text,U02247,Instagram,Medium,0.294,2026-03-25 07:42:04
INFO0950,Politics,Video,U05715,Instagram,High,0.6766,2026-06-18 00:12:12
INFO0951,News,Text,U07519,Instagram,High,0.5594,2026-02-19 19:04:18
INFO0952,Artificial Intelligence,Text,U05694,Instagram,High,0.6361,2026-02-12 18:36:59
INFO0953,Health,Image,U00596,Facebook,Viral,0.9028,2026-05-13 05:08:01
INFO0954,Science,Article,U04007,YouTube,Low,0.1535,2026-04-30 00:11:41
INFO0955,Health,Video,U03323,YouTube,Medium,0.4959,2026-05-01 03:30:31
INFO0956,Artificial Intelligence,Video,U02286,Facebook,Low,0.2102,2026-04-24 12:06:18
INFO0957,Sports,Article,U02293,Instagram,Medium,0.3348,2026-04-28 18:02:52
INFO0958,Technology,Text,U06688,Instagram,Medium,0.3403,2026-03-11 02:58:44
INFO0959,News,Text,U06645,YouTube,Medium,0.5445,2026-03-24 22:37:13
INFO0960,Gaming,Link,U08341,Reddit,Low,0.1283,2026-03-19 07:24:47
INFO0961,Science,Image,U08892,YouTube,Medium,0.2928,2026-02-12 02:06:00
INFO0962,Entertainment,Text,U07086,Facebook,Medium,0.4471,2026-06-25 22:30:31
INFO0963,Gaming,Article,U01439,X,Medium,0.3231,2026-03-18 23:52:51
INFO0964,Gaming,Article,U06579,Instagram,Low,0.1707,2026-01-31 20:35:56
INFO0965,Health,Text,U07083,Facebook,Low,0.2143,2026-04-10 22:47:02
INFO0966,News,Article,U09337,X,Medium,0.3021,2026-02-07 19:26:36
INFO0967,Entertainment,Image,U01403,X,High,0.6629,2026-06-08 15:36:09
INFO0968,Politics,Link,U03069,YouTube,Medium,0.3649,2026-05-05 10:27:20
INFO0969,Politics,Link,U09982,Reddit,Low,0.2499,2026-02-26 14:10:49
INFO0970,Health,Text,U03963,Instagram,Medium,0.4635,2026-04-20 19:53:23
INFO0971,News,Article,U02222,Instagram,Low,0.0665,2026-05-01 20:59:56
INFO0972,Politics,Article,U07617,Facebook,Low,0.0957,2026-03-04 15:57:57
INFO0973,Sports,Link,U06229,X,Low,0.0815,2026-04-17 14:44:00
INFO0974,Technology,Video,U06052,Instagram,High,0.5538,2026-04-14 08:14:12
INFO0975,Education,Text,U00481,Reddit,High,0.629,2026-06-28 08:18:54
INFO0976,Science,Video,U07223,Facebook,Low,0.1149,2026-06-01 14:21:54
INFO0977,Politics,Text,U07911,YouTube,Medium,0.3205,2026-02-06 14:20:18
INFO0978,Entertainment,Article,U02279,Facebook,Medium,0.4159,2026-06-17 13:44:31
INFO0979,Health,Article,U05750,X,Medium,0.3155,2026-04-14 18:24:22
INFO0980,Education,Link,U01316,Reddit,Medium,0.5323,2026-06-13 09:44:13
INFO0981,Entertainment,Text,U07022,Reddit,Low,0.1965,2026-06-19 12:38:58
INFO0982,Education,Video,U00072,X,Medium,0.2864,2026-02-05 15:48:15
INFO0983,Health,Article,U09739,Facebook,Medium,0.3307,2026-02-05 03:16:27
INFO0984,Entertainment,Article,U09195,Facebook,High,0.7956,2026-04-06 09:30:31
INFO0985,Technology,Image,U00816,YouTube,Medium,0.3101,2026-05-05 18:32:55
INFO0986,Artificial Intelligence,Image,U09661,X,Low,0.0734,2026-01-24 23:30:38
INFO0987,Health,Article,U05569,Facebook,Medium,0.3197,2026-01-13 09:21:58
INFO0988,Politics,Text,U00592,X,Low,0.1928,2026-02-03 04:31:23
INFO0989,Entertainment,Image,U06579,Instagram,Medium,0.4054,2026-04-27 15:35:22
INFO0990,Sports,Article,U02969,Facebook,Low,0.0635,2026-06-15 05:51:50
INFO0991,Health,Text,U09908,Instagram,Low,0.1224,2026-01-24 02:53:19
INFO0992,Technology,Article,U06299,YouTube,Low,0.0673,2026-01-09 03:01:28
INFO0993,Education,Image,U03205,YouTube,Low,0.1081,2026-01-27 10:16:44
INFO0994,Gaming,Video,U06307,X,Medium,0.3013,2026-03-24 05:32:03
INFO0995,News,Video,U09408,Instagram,Low,0.0941,2026-02-16 10:50:12
INFO0996,News,Text,U00408,Instagram,Medium,0.4834,2026-03-05 10:12:48
INFO0997,Politics,Video,U04540,Facebook,Low,0.2067,2026-05-09 19:24:47
INFO0998,News,Video,U06685,Instagram,Medium,0.4697,2026-06-26 09:03:53
INFO0999,News,Image,U00815,YouTube,Medium,0.4565,2026-04-16 09:23:56
INFO1000,Entertainment,Image,U05930,X,Medium,0.3235,2026-02-19 03:46:26
