,root_user_influence,root_user_activity,cascade_size,cascade_depth,unique_users,unique_platforms,unique_communities,duration_hours,propagation_events,cross_platform_events,cross_community_events
root_user_influence,1.0,0.638,0.0424,0.0424,0.0384,0.0023,-0.0122,0.0355,0.0118,-0.0054,-0.0119
root_user_activity,0.638,1.0,0.0712,0.0712,0.0718,-0.0148,0.0173,0.0666,0.0299,0.0012,0.0168
cascade_size,0.0424,0.0712,1.0,1.0,0.9968,0.4753,0.6727,0.8033,0.7984,0.5956,0.6836
cascade_depth,0.0424,0.0712,1.0,1.0,0.9968,0.4753,0.6727,0.8033,0.7984,0.5956,0.6836
unique_users,0.0384,0.0718,0.9968,0.9968,1.0,0.4936,0.6979,0.7919,0.8144,0.6189,0.7086
unique_platforms,0.0023,-0.0148,0.4753,0.4753,0.4936,1.0,0.5141,0.3131,0.6596,0.7744,0.5127
unique_communities,-0.0122,0.0173,0.6727,0.6727,0.6979,0.5141,1.0,0.3896,0.768,0.676,0.9641
duration_hours,0.0355,0.0666,0.8033,0.8033,0.7919,0.3131,0.3896,1.0,0.5508,0.3494,0.3835
propagation_events,0.0118,0.0299,0.7984,0.7984,0.8144,0.6596,0.768,0.5508,1.0,0.8557,0.7973
cross_platform_events,-0.0054,0.0012,0.5956,0.5956,0.6189,0.7744,0.676,0.3494,0.8557,1.0,0.7016
cross_community_events,-0.0119,0.0168,0.6836,0.6836,0.7086,0.5127,0.9641,0.3835,0.7973,0.7016,1.0
