,influence_score,activity_score,in_degree,out_degree,pagerank,betweenness_centrality,closeness_centrality,eigenvector_centrality,propagation_in_degree,propagation_out_degree,propagation_pagerank
influence_score,1.0,0.647590023859201,0.6891337032023171,0.673934223453837,0.7013689103878392,0.6744962816445051,0.32906630559630884,0.42249187470378935,0.5901098926422981,0.5634354747194664,0.5366805311582298
activity_score,0.647590023859201,1.0,0.7558437460590486,0.7379657817000207,0.7663127506576879,0.7052793689274824,0.40016731736380273,0.4626209951191573,0.6397456215193071,0.6192583755400661,0.5775325589914844
in_degree,0.6891337032023171,0.7558437460590486,1.0,0.9701411714341075,0.9849601830062948,0.9240358093817816,0.5461403457205088,0.7226838677641022,0.85206132437918,0.8204693046343301,0.76427742834887
out_degree,0.673934223453837,0.7379657817000207,0.9701411714341075,1.0,0.9625762016467445,0.9191383946133311,0.5326313500042358,0.7117701380411711,0.8300192952402491,0.8487273621180418,0.7446193975198256
pagerank,0.7013689103878392,0.7663127506576879,0.9849601830062948,0.9625762016467445,1.0,0.92566859783459,0.5310696256115751,0.6677131503437703,0.8395713647540096,0.8148915204415852,0.7596447812223208
betweenness_centrality,0.6744962816445051,0.7052793689274824,0.9240358093817816,0.9191383946133311,0.92566859783459,1.0,0.4023242351894439,0.6492395580112914,0.8169682295157071,0.8055162486932974,0.7394706425830917
closeness_centrality,0.32906630559630884,0.40016731736380273,0.5461403457205088,0.5326313500042358,0.5310696256115751,0.4023242351894439,1.0,0.3864931987725299,0.4632775312392735,0.4468887090365119,0.4158274138523207
eigenvector_centrality,0.42249187470378935,0.4626209951191573,0.7226838677641022,0.7117701380411711,0.6677131503437703,0.6492395580112914,0.3864931987725299,1.0,0.6296389507473683,0.6099549691397641,0.5688830698858773
propagation_in_degree,0.5901098926422981,0.6397456215193071,0.85206132437918,0.8300192952402491,0.8395713647540096,0.8169682295157071,0.4632775312392735,0.6296389507473683,1.0,0.7108389413705298,0.8970207291598135
propagation_out_degree,0.5634354747194664,0.6192583755400661,0.8204693046343301,0.8487273621180418,0.8148915204415852,0.8055162486932974,0.4468887090365119,0.6099549691397641,0.7108389413705298,1.0,0.6402946016401142
propagation_pagerank,0.5366805311582298,0.5775325589914844,0.76427742834887,0.7446193975198256,0.7596447812223208,0.7394706425830917,0.4158274138523207,0.5688830698858773,0.8970207291598135,0.6402946016401142,1.0
