source_community,C01,C02,C03,C04,C05,C06,C07,C08,C09,C10,C11,C12,C13,C14,C15,C16,C17,C18,C19,C20,C21,C22,C23,C24,C25
C01,0,22,16,24,23,18,19,23,13,18,19,12,10,18,20,25,9,19,14,16,13,18,14,20,12
C02,20,0,19,21,17,17,22,17,17,22,17,13,16,9,23,22,23,19,22,19,14,28,15,23,14
C03,15,23,0,14,23,25,23,16,20,18,10,23,19,24,18,15,15,20,18,14,15,19,12,16,18
C04,19,15,22,0,14,21,22,23,24,25,23,20,16,21,15,20,21,20,19,19,19,15,17,33,15
C05,16,18,14,27,0,20,12,26,19,21,14,16,18,11,19,16,10,17,20,28,22,14,23,17,19
C06,17,17,16,29,25,0,16,22,17,23,17,12,15,17,17,13,24,17,15,20,14,18,19,21,17
C07,22,16,18,13,22,16,0,17,16,24,15,18,21,21,16,17,15,24,9,19,20,26,13,17,11
C08,19,20,21,21,23,13,17,0,22,24,21,21,22,16,22,14,17,15,23,17,25,29,19,16,22
C09,13,20,16,17,20,13,11,17,0,25,12,18,18,14,18,20,18,15,19,25,19,16,18,18,22
C10,18,18,27,19,19,18,27,30,16,0,17,16,21,28,17,15,22,22,16,25,31,17,18,17,15
C11,19,22,19,20,14,21,8,18,23,23,0,23,17,14,25,21,18,27,16,18,15,22,15,17,14
C12,22,17,15,19,20,18,18,20,14,20,24,0,18,20,21,16,20,22,17,13,23,20,19,24,29
C13,24,29,12,17,26,10,16,21,17,23,17,16,0,21,24,18,18,15,15,21,21,13,16,17,19
C14,19,20,25,13,16,17,17,17,15,17,16,13,23,0,16,15,16,16,18,20,18,19,18,13,16
C15,14,19,18,17,15,18,23,19,17,23,16,24,15,21,0,23,14,20,17,23,26,14,16,13,15
C16,23,16,12,17,26,13,18,18,18,18,15,26,24,18,10,0,13,23,15,15,28,13,21,23,18
C17,14,14,24,19,18,19,22,20,11,23,26,21,14,8,19,14,0,21,20,18,9,21,19,25,26
C18,18,11,18,21,16,25,18,28,16,20,22,17,19,13,21,21,21,0,16,19,20,23,28,16,19
C19,15,12,23,26,20,20,24,16,27,16,21,16,13,14,13,19,17,18,0,16,18,23,18,17,15
C20,17,21,23,24,14,21,15,17,17,15,13,21,24,12,18,19,24,19,22,0,12,15,26,15,30
C21,18,31,13,23,24,16,10,17,12,17,23,17,18,19,15,16,16,22,19,14,0,16,13,18,14
C22,16,25,19,9,13,21,15,20,18,17,19,21,18,15,18,18,20,21,17,22,18,0,17,13,18
C23,18,21,17,21,18,19,12,15,15,25,14,20,14,16,21,17,20,17,12,24,15,22,0,16,15
C24,16,16,16,23,12,14,22,23,20,18,15,28,22,17,21,7,13,23,25,17,18,17,14,0,19
C25,14,21,13,11,14,14,13,13,27,17,16,20,16,14,19,23,18,20,27,19,15,13,14,18,0
