community_id,user_count,in_degree,out_degree,pagerank,betweenness_centrality,closeness_centrality,eigenvector_centrality,propagation_in_degree,propagation_out_degree,propagation_pagerank,influence_score,activity_score
C01,400,4.5175,4.49,9.6e-05,0.000367,0.154503,0.004161,1.94,1.95,8.9e-05,0.257472,0.322382
C02,400,5.18,5.145,0.000107,0.000433,0.160148,0.006338,2.235,2.26,0.000105,0.27395,0.335558
C03,400,4.6,4.5925,9.7e-05,0.000383,0.155133,0.005988,1.9725,1.96,9.1e-05,0.251079,0.308358
C04,400,5.13,5.1625,0.000103,0.000416,0.158372,0.007756,2.2,2.2,0.0001,0.263534,0.324416
C05,400,4.9175,4.88,0.000101,0.000404,0.156224,0.009609,2.1175,2.1125,0.000109,0.253962,0.322224
C06,400,4.9525,4.98,0.000102,0.000416,0.160582,0.00611,2.06,2.0975,9.7e-05,0.252668,0.301487
C07,400,4.425,4.44,9.3e-05,0.000374,0.152153,0.005279,1.8875,1.905,8.8e-05,0.246966,0.307565
C08,400,4.96,4.9725,9.9e-05,0.000409,0.157301,0.005525,2.18,2.1675,0.000102,0.255727,0.325866
C09,400,5.0975,5.0775,0.000103,0.000409,0.159236,0.005718,2.11,2.12,0.0001,0.253504,0.304437
C10,400,5.19,5.1825,0.000104,0.000444,0.160401,0.006268,2.28,2.275,0.000111,0.264603,0.329687
C11,400,4.8,4.8675,9.8e-05,0.000398,0.1604,0.007042,2.075,2.0825,9.6e-05,0.258938,0.323459
C12,400,5.1925,5.235,0.000103,0.000434,0.156832,0.005907,2.2475,2.225,0.000102,0.260445,0.332168
C13,400,5.2225,5.26,0.000102,0.000428,0.160122,0.004696,2.1275,2.155,0.000101,0.255204,0.31752
C14,400,4.4325,4.4625,9.5e-05,0.000386,0.155271,0.002703,1.9675,1.98,9.3e-05,0.240499,0.313984
C15,400,4.505,4.49,9.9e-05,0.000388,0.157295,0.003742,2.0025,1.9675,9.9e-05,0.255263,0.305369
C16,400,4.65,4.6925,9.6e-05,0.000394,0.154698,0.007787,2.0175,2.0375,0.000104,0.252685,0.304586
C17,400,4.69,4.7475,9.5e-05,0.0004,0.156144,0.004818,2.0525,2.08,9.9e-05,0.252615,0.298502
C18,400,5.0625,5.0475,0.000105,0.000422,0.162548,0.007475,2.33,2.335,0.000106,0.258913,0.321672
C19,400,4.73,4.745,9.8e-05,0.000402,0.157282,0.005716,1.99,2.015,9.8e-05,0.267513,0.321591
C20,400,4.92,4.9025,0.000104,0.000407,0.160375,0.004824,2.0375,2.0475,0.0001,0.244812,0.309949
C21,400,4.53,4.4625,9.8e-05,0.00038,0.156154,0.005181,2.0,1.975,9.2e-05,0.271575,0.327504
C22,400,5.0425,4.985,0.000105,0.000402,0.162321,0.005708,2.135,2.115,0.00011,0.240563,0.314787
C23,400,4.91,4.9125,0.000101,0.00039,0.158544,0.005527,2.025,1.9675,0.000107,0.257544,0.324209
C24,400,4.8225,4.805,9.9e-05,0.000386,0.158541,0.004272,2.1,2.0825,0.000102,0.255315,0.323595
C25,400,4.6775,4.62,0.0001,0.000377,0.160307,0.004159,1.9125,1.89,0.0001,0.259411,0.317705
