information_id,cascade_count,cascade_size,cascade_depth,unique_users,unique_platforms,unique_communities
INFO0605,1,75.0,75.0,76.0,5.0,17.0
INFO0668,1,73.0,73.0,71.0,5.0,11.0
INFO0335,1,73.0,73.0,72.0,5.0,14.0
INFO0895,1,69.0,69.0,68.0,5.0,11.0
INFO0707,1,67.0,67.0,67.0,5.0,11.0
INFO0609,1,66.0,66.0,66.0,5.0,12.0
INFO0787,1,66.0,66.0,66.0,5.0,13.0
INFO0628,1,64.0,64.0,65.0,4.0,17.0
INFO0635,1,64.0,64.0,63.0,5.0,11.0
INFO0211,1,64.0,64.0,65.0,5.0,17.0
INFO0292,1,64.0,64.0,65.0,5.0,15.0
INFO0091,1,63.0,63.0,64.0,4.0,11.0
INFO0122,1,63.0,63.0,60.0,5.0,16.0
INFO0514,1,63.0,63.0,63.0,5.0,14.0
INFO0107,1,62.0,62.0,63.0,4.0,15.0
INFO0349,1,60.0,60.0,61.0,5.0,12.0
INFO0881,1,60.0,60.0,58.0,5.0,9.0
INFO0998,1,59.0,59.0,59.0,1.0,11.0
INFO0523,1,59.0,59.0,58.0,5.0,11.0
INFO0664,1,58.0,58.0,58.0,4.0,14.0
INFO0287,1,58.0,58.0,58.0,5.0,13.0
INFO0571,1,58.0,58.0,59.0,4.0,11.0
INFO0980,1,58.0,58.0,58.0,3.0,10.0
INFO0389,1,58.0,58.0,59.0,5.0,10.0
INFO0503,1,57.0,57.0,57.0,5.0,12.0
INFO0260,1,56.0,56.0,56.0,4.0,11.0
INFO0643,1,56.0,56.0,56.0,5.0,11.0
INFO0569,1,56.0,56.0,57.0,3.0,8.0
INFO0620,1,56.0,56.0,56.0,4.0,9.0
INFO0435,1,55.0,55.0,55.0,4.0,10.0
INFO0946,1,55.0,55.0,53.0,4.0,12.0
INFO0996,1,55.0,55.0,53.0,1.0,14.0
INFO0039,1,54.0,54.0,51.0,5.0,5.0
INFO0270,1,54.0,54.0,53.0,5.0,8.0
INFO0145,1,54.0,54.0,54.0,5.0,11.0
INFO0483,1,54.0,54.0,51.0,4.0,9.0
INFO0656,1,54.0,54.0,51.0,5.0,9.0
INFO0103,1,54.0,54.0,52.0,5.0,7.0
INFO0827,1,53.0,53.0,53.0,5.0,18.0
INFO0962,1,53.0,53.0,52.0,4.0,8.0
INFO0416,1,53.0,53.0,51.0,4.0,11.0
INFO0521,1,53.0,53.0,54.0,4.0,17.0
INFO0933,1,53.0,53.0,55.0,5.0,11.0
INFO0623,1,52.0,52.0,49.0,5.0,7.0
INFO0147,1,52.0,52.0,52.0,4.0,11.0
INFO0864,1,51.0,51.0,50.0,3.0,8.0
INFO0751,1,51.0,51.0,50.0,4.0,9.0
INFO0819,3,50.333333333333336,50.333333333333336,51.0,4.666666666666667,14.0
INFO0779,1,50.0,50.0,49.0,5.0,8.0
INFO0906,1,50.0,50.0,49.0,4.0,11.0
INFO0680,1,50.0,50.0,49.0,5.0,9.0
INFO0670,1,50.0,50.0,51.0,5.0,7.0
INFO0015,1,50.0,50.0,46.0,3.0,7.0
INFO0115,1,50.0,50.0,49.0,5.0,9.0
INFO0156,1,50.0,50.0,47.0,3.0,11.0
INFO0851,1,50.0,50.0,49.0,4.0,4.0
INFO0439,1,49.0,49.0,49.0,5.0,11.0
INFO0342,1,49.0,49.0,49.0,3.0,10.0
INFO0940,1,49.0,49.0,50.0,3.0,14.0
INFO0334,1,49.0,49.0,49.0,5.0,13.0
INFO0308,1,49.0,49.0,50.0,4.0,13.0
INFO0187,1,49.0,49.0,49.0,5.0,14.0
INFO0644,1,49.0,49.0,49.0,4.0,10.0
INFO0165,1,49.0,49.0,47.0,4.0,7.0
INFO0041,1,49.0,49.0,49.0,5.0,10.0
INFO0752,1,49.0,49.0,48.0,4.0,7.0
INFO0935,1,49.0,49.0,48.0,4.0,9.0
INFO0701,3,48.333333333333336,48.333333333333336,48.666666666666664,5.0,14.666666666666666
INFO0615,1,48.0,48.0,48.0,4.0,7.0
INFO0158,1,48.0,48.0,47.0,4.0,11.0
INFO0843,2,48.0,48.0,49.0,5.0,8.0
INFO0829,2,47.0,47.0,48.0,4.5,12.0
INFO0658,1,47.0,47.0,45.0,4.0,8.0
INFO0218,1,47.0,47.0,48.0,5.0,9.0
INFO0263,1,47.0,47.0,48.0,4.0,6.0
INFO0238,1,47.0,47.0,48.0,3.0,9.0
INFO0465,1,47.0,47.0,43.0,5.0,6.0
INFO0322,1,46.0,46.0,46.0,5.0,8.0
INFO0168,1,46.0,46.0,44.0,5.0,7.0
INFO0400,1,46.0,46.0,45.0,4.0,11.0
INFO0125,1,46.0,46.0,39.0,4.0,7.0
INFO0674,1,46.0,46.0,47.0,2.0,8.0
INFO0860,1,46.0,46.0,47.0,4.0,12.0
INFO0182,1,46.0,46.0,46.0,4.0,5.0
INFO0698,1,46.0,46.0,47.0,5.0,9.0
INFO0820,1,46.0,46.0,47.0,5.0,8.0
INFO0722,1,45.0,45.0,46.0,4.0,10.0
INFO0964,1,45.0,45.0,43.0,4.0,3.0
INFO0915,1,45.0,45.0,45.0,4.0,9.0
INFO0045,1,45.0,45.0,41.0,4.0,5.0
INFO0592,1,45.0,45.0,46.0,4.0,6.0
INFO0212,1,45.0,45.0,46.0,5.0,8.0
INFO0365,1,45.0,45.0,46.0,5.0,10.0
INFO0541,1,45.0,45.0,44.0,3.0,5.0
INFO0793,3,44.666666666666664,44.666666666666664,45.333333333333336,5.0,11.0
INFO0164,2,44.5,44.5,45.0,4.5,7.5
INFO0318,2,44.5,44.5,45.0,4.0,10.5
INFO0468,1,44.0,44.0,37.0,3.0,6.0
INFO0200,1,44.0,44.0,41.0,5.0,5.0
INFO0448,1,44.0,44.0,43.0,5.0,7.0
INFO0159,1,44.0,44.0,42.0,4.0,6.0
INFO0639,2,44.0,44.0,44.0,5.0,11.5
INFO0550,1,44.0,44.0,44.0,3.0,9.0
INFO0409,1,44.0,44.0,45.0,5.0,11.0
INFO0908,1,44.0,44.0,45.0,4.0,7.0
INFO0888,1,44.0,44.0,41.0,4.0,4.0
INFO0848,3,44.0,44.0,44.0,5.0,9.333333333333334
INFO0783,1,44.0,44.0,43.0,4.0,7.0
INFO0354,1,44.0,44.0,43.0,4.0,5.0
INFO0662,2,43.5,43.5,44.0,4.5,13.5
INFO0771,2,43.5,43.5,43.5,5.0,10.5
INFO0784,3,43.333333333333336,43.333333333333336,44.333333333333336,4.666666666666667,12.333333333333334
INFO0963,1,43.0,43.0,43.0,4.0,7.0
INFO0242,1,43.0,43.0,42.0,3.0,5.0
INFO0641,1,43.0,43.0,42.0,5.0,8.0
INFO0495,1,43.0,43.0,42.0,2.0,6.0
INFO0380,1,43.0,43.0,42.0,4.0,12.0
INFO0199,1,43.0,43.0,42.0,2.0,6.0
INFO0867,1,43.0,43.0,43.0,5.0,7.0
INFO0997,1,43.0,43.0,40.0,1.0,8.0
INFO0568,2,42.5,42.5,43.5,4.0,10.0
INFO0504,2,42.5,42.5,43.0,5.0,12.5
INFO0526,2,42.5,42.5,43.0,4.0,12.5
INFO0723,3,42.333333333333336,42.333333333333336,43.0,5.0,12.0
INFO0772,2,42.0,42.0,42.5,4.5,13.5
INFO0475,2,42.0,42.0,42.0,5.0,11.0
INFO0283,1,42.0,42.0,41.0,3.0,9.0
INFO0818,1,42.0,42.0,40.0,2.0,8.0
INFO0095,1,42.0,42.0,42.0,5.0,7.0
INFO0688,1,42.0,42.0,41.0,3.0,9.0
INFO0747,1,42.0,42.0,40.0,2.0,7.0
INFO0965,1,42.0,42.0,40.0,3.0,9.0
INFO0971,1,42.0,42.0,39.0,2.0,8.0
INFO0836,1,42.0,42.0,43.0,4.0,8.0
INFO0849,1,42.0,42.0,42.0,3.0,5.0
INFO0803,1,42.0,42.0,42.0,4.0,4.0
INFO0353,1,42.0,42.0,43.0,4.0,5.0
INFO0410,1,42.0,42.0,37.0,4.0,5.0
INFO0471,1,42.0,42.0,43.0,4.0,7.0
INFO0617,1,42.0,42.0,42.0,3.0,5.0
INFO0625,1,42.0,42.0,41.0,3.0,8.0
INFO0687,1,42.0,42.0,41.0,5.0,7.0
INFO0655,1,42.0,42.0,41.0,4.0,7.0
INFO0188,1,42.0,42.0,40.0,3.0,8.0
INFO0302,1,42.0,42.0,37.0,2.0,3.0
INFO0301,1,42.0,42.0,42.0,3.0,8.0
INFO0455,1,42.0,42.0,42.0,5.0,6.0
INFO0450,2,41.5,41.5,41.5,5.0,12.0
INFO0684,1,41.0,41.0,41.0,5.0,4.0
INFO0275,1,41.0,41.0,41.0,1.0,9.0
INFO0206,1,41.0,41.0,39.0,3.0,4.0
INFO0089,1,41.0,41.0,41.0,5.0,7.0
INFO0858,1,41.0,41.0,42.0,5.0,5.0
INFO0044,1,41.0,41.0,38.0,2.0,5.0
INFO0934,1,41.0,41.0,40.0,4.0,7.0
INFO0328,1,41.0,41.0,39.0,3.0,4.0
INFO0371,1,41.0,41.0,41.0,3.0,9.0
INFO0154,1,41.0,41.0,40.0,5.0,7.0
INFO0425,1,41.0,41.0,39.0,5.0,7.0
INFO0359,1,41.0,41.0,42.0,2.0,13.0
INFO0775,1,41.0,41.0,40.0,5.0,7.0
INFO0805,1,41.0,41.0,38.0,3.0,4.0
INFO0916,1,41.0,41.0,41.0,4.0,6.0
INFO0046,1,41.0,41.0,40.0,4.0,3.0
INFO0057,1,41.0,41.0,39.0,4.0,8.0
INFO0880,1,41.0,41.0,41.0,3.0,4.0
INFO0059,1,41.0,41.0,39.0,3.0,2.0
INFO0650,1,41.0,41.0,39.0,3.0,4.0
INFO0604,3,41.0,41.0,41.666666666666664,4.666666666666667,12.333333333333334
INFO0567,1,41.0,41.0,42.0,3.0,6.0
INFO0683,1,41.0,41.0,41.0,4.0,3.0
INFO0671,1,41.0,41.0,40.0,3.0,6.0
INFO0130,1,41.0,41.0,40.0,3.0,7.0
INFO0157,1,41.0,41.0,40.0,2.0,8.0
INFO0542,1,41.0,41.0,40.0,4.0,7.0
INFO0505,2,41.0,41.0,41.5,4.0,9.0
INFO0399,2,40.5,40.5,41.5,4.5,8.0
INFO0746,1,40.0,40.0,41.0,4.0,8.0
INFO0732,1,40.0,40.0,39.0,4.0,5.0
INFO0728,1,40.0,40.0,38.0,5.0,2.0
INFO0782,1,40.0,40.0,41.0,3.0,12.0
INFO0794,1,40.0,40.0,37.0,2.0,5.0
INFO0777,1,40.0,40.0,40.0,3.0,6.0
INFO0961,1,40.0,40.0,39.0,3.0,7.0
INFO0768,1,40.0,40.0,38.0,1.0,4.0
INFO0584,1,40.0,40.0,41.0,4.0,6.0
INFO0570,1,40.0,40.0,39.0,4.0,5.0
INFO0124,1,40.0,40.0,38.0,4.0,5.0
INFO0564,1,40.0,40.0,41.0,4.0,7.0
INFO0665,2,40.0,40.0,41.0,4.5,10.5
INFO0114,2,40.0,40.0,41.0,5.0,9.5
INFO0630,1,40.0,40.0,38.0,1.0,5.0
INFO0585,1,40.0,40.0,40.0,3.0,8.0
INFO0194,1,40.0,40.0,37.0,4.0,4.0
INFO0431,1,40.0,40.0,37.0,5.0,7.0
INFO0406,1,40.0,40.0,37.0,2.0,5.0
INFO0184,1,40.0,40.0,40.0,4.0,6.0
INFO0324,1,40.0,40.0,37.0,3.0,2.0
INFO0987,1,40.0,40.0,39.0,2.0,7.0
INFO0004,1,40.0,40.0,41.0,5.0,6.0
INFO0252,2,39.5,39.5,39.5,5.0,11.0
INFO0228,1,39.0,39.0,37.0,4.0,8.0
INFO0884,1,39.0,39.0,38.0,4.0,5.0
INFO0042,1,39.0,39.0,40.0,5.0,3.0
INFO0234,1,39.0,39.0,40.0,4.0,9.0
INFO0865,1,39.0,39.0,36.0,2.0,8.0
INFO0866,1,39.0,39.0,37.0,4.0,4.0
INFO0806,1,39.0,39.0,40.0,3.0,4.0
INFO0068,1,39.0,39.0,36.0,3.0,4.0
INFO0076,1,39.0,39.0,39.0,3.0,9.0
INFO0749,1,39.0,39.0,40.0,3.0,8.0
INFO0791,2,39.0,39.0,39.5,4.5,11.5
INFO0273,1,39.0,39.0,32.0,1.0,4.0
INFO0840,2,39.0,39.0,40.0,4.5,8.5
INFO0067,1,39.0,39.0,40.0,4.0,6.0
INFO0855,1,39.0,39.0,36.0,2.0,5.0
INFO0146,1,39.0,39.0,40.0,4.0,4.0
INFO0390,1,39.0,39.0,40.0,4.0,8.0
INFO0667,1,39.0,39.0,39.0,5.0,5.0
INFO0092,1,39.0,39.0,34.0,2.0,6.0
INFO0088,1,39.0,39.0,40.0,2.0,6.0
INFO0712,1,39.0,39.0,40.0,2.0,7.0
INFO0591,1,39.0,39.0,39.0,5.0,8.0
INFO0572,1,39.0,39.0,39.0,4.0,7.0
INFO0433,1,39.0,39.0,37.0,4.0,5.0
INFO0478,1,39.0,39.0,39.0,4.0,6.0
INFO0549,1,39.0,39.0,36.0,2.0,2.0
INFO0232,2,38.5,38.5,39.5,4.5,10.0
INFO0236,1,38.0,38.0,38.0,4.0,4.0
INFO0954,1,38.0,38.0,39.0,4.0,9.0
INFO0847,1,38.0,38.0,37.0,3.0,6.0
INFO0901,1,38.0,38.0,39.0,3.0,9.0
INFO0225,1,38.0,38.0,39.0,4.0,5.0
INFO0229,1,38.0,38.0,36.0,4.0,3.0
INFO0058,3,38.0,38.0,38.0,4.666666666666667,12.0
INFO0766,1,38.0,38.0,36.0,2.0,4.0
INFO0824,1,38.0,38.0,38.0,2.0,8.0
INFO0052,1,38.0,38.0,33.0,2.0,2.0
INFO0085,1,38.0,38.0,38.0,3.0,6.0
INFO0314,1,38.0,38.0,37.0,2.0,5.0
INFO0321,1,38.0,38.0,37.0,3.0,5.0
INFO0100,1,38.0,38.0,39.0,2.0,8.0
INFO0126,1,38.0,38.0,37.0,4.0,4.0
INFO0663,1,38.0,38.0,37.0,3.0,5.0
INFO0651,1,38.0,38.0,39.0,3.0,5.0
INFO0500,1,38.0,38.0,39.0,5.0,5.0
INFO0419,1,38.0,38.0,37.0,4.0,9.0
INFO0973,1,38.0,38.0,37.0,3.0,3.0
INFO0429,1,38.0,38.0,36.0,3.0,7.0
INFO0969,1,38.0,38.0,36.0,3.0,9.0
INFO0152,1,38.0,38.0,36.0,3.0,7.0
INFO0430,1,38.0,38.0,38.0,3.0,6.0
INFO0575,2,38.0,38.0,37.0,5.0,8.5
INFO0590,1,38.0,38.0,37.0,4.0,8.0
INFO0990,1,38.0,38.0,37.0,1.0,8.0
INFO0957,1,38.0,38.0,34.0,3.0,7.0
INFO0315,1,38.0,38.0,37.0,4.0,8.0
INFO0679,1,38.0,38.0,38.0,3.0,6.0
INFO0186,1,38.0,38.0,38.0,2.0,8.0
INFO0021,1,38.0,38.0,37.0,3.0,6.0
INFO0943,1,38.0,38.0,39.0,3.0,6.0
INFO0925,2,38.0,38.0,38.0,3.5,9.0
INFO0914,1,38.0,38.0,36.0,3.0,3.0
INFO0054,1,38.0,38.0,39.0,4.0,9.0
INFO0872,1,38.0,38.0,37.0,4.0,5.0
INFO0336,4,37.5,37.5,38.5,4.5,9.75
INFO0477,2,37.5,37.5,37.0,4.0,8.0
INFO0735,4,37.25,37.25,38.25,4.75,10.25
INFO0632,1,37.0,37.0,38.0,2.0,7.0
INFO0346,1,37.0,37.0,32.0,2.0,2.0
INFO0796,1,37.0,37.0,35.0,4.0,6.0
INFO0837,1,37.0,37.0,36.0,4.0,3.0
INFO0856,1,37.0,37.0,37.0,4.0,6.0
INFO0816,1,37.0,37.0,32.0,2.0,6.0
INFO0804,1,37.0,37.0,37.0,3.0,6.0
INFO0725,1,37.0,37.0,37.0,3.0,5.0
INFO0949,1,37.0,37.0,36.0,3.0,4.0
INFO0797,1,37.0,37.0,36.0,4.0,8.0
INFO0255,1,37.0,37.0,37.0,4.0,6.0
INFO0267,1,37.0,37.0,36.0,3.0,5.0
INFO0754,1,37.0,37.0,36.0,5.0,6.0
INFO0120,1,37.0,37.0,37.0,2.0,7.0
INFO0319,1,37.0,37.0,37.0,3.0,5.0
INFO0675,1,37.0,37.0,37.0,1.0,4.0
INFO0128,1,37.0,37.0,36.0,5.0,3.0
INFO0300,1,37.0,37.0,35.0,5.0,5.0
INFO0320,1,37.0,37.0,36.0,4.0,6.0
INFO0557,1,37.0,37.0,35.0,2.0,6.0
INFO0169,1,37.0,37.0,36.0,4.0,8.0
INFO0490,1,37.0,37.0,38.0,4.0,3.0
INFO0494,1,37.0,37.0,37.0,3.0,5.0
INFO0002,1,37.0,37.0,37.0,4.0,7.0
INFO0470,1,37.0,37.0,35.0,3.0,4.0
INFO0176,1,37.0,37.0,36.0,3.0,4.0
INFO0408,1,37.0,37.0,38.0,4.0,4.0
INFO0613,1,37.0,37.0,37.0,3.0,7.0
INFO0116,1,37.0,37.0,35.0,3.0,5.0
INFO0027,1,37.0,37.0,37.0,3.0,8.0
INFO0892,1,37.0,37.0,33.0,4.0,5.0
INFO0291,2,36.5,36.5,36.5,3.5,8.5
INFO0043,1,36.0,36.0,33.0,1.0,4.0
INFO0757,1,36.0,36.0,35.0,4.0,5.0
INFO0434,1,36.0,36.0,36.0,1.0,5.0
INFO0580,1,36.0,36.0,35.0,3.0,2.0
INFO0597,3,36.0,36.0,37.0,4.666666666666667,11.0
INFO0527,1,36.0,36.0,34.0,3.0,5.0
INFO0395,1,36.0,36.0,35.0,2.0,7.0
INFO0586,1,36.0,36.0,36.0,2.0,4.0
INFO0873,1,36.0,36.0,37.0,4.0,4.0
INFO0868,1,36.0,36.0,36.0,4.0,6.0
INFO0776,1,36.0,36.0,33.0,2.0,4.0
INFO0826,1,36.0,36.0,37.0,2.0,6.0
INFO0924,1,36.0,36.0,37.0,5.0,8.0
INFO0992,1,36.0,36.0,29.0,1.0,2.0
INFO0214,1,36.0,36.0,35.0,3.0,2.0
INFO0890,1,36.0,36.0,37.0,5.0,6.0
INFO0897,1,36.0,36.0,37.0,3.0,8.0
INFO0944,1,36.0,36.0,33.0,2.0,6.0
INFO0075,1,36.0,36.0,36.0,3.0,6.0
INFO0759,1,36.0,36.0,36.0,4.0,9.0
INFO0614,1,36.0,36.0,35.0,5.0,7.0
INFO0102,1,36.0,36.0,37.0,3.0,6.0
INFO0661,1,36.0,36.0,36.0,2.0,8.0
INFO0383,1,36.0,36.0,37.0,2.0,7.0
INFO0442,1,36.0,36.0,36.0,3.0,5.0
INFO0659,1,36.0,36.0,34.0,3.0,5.0
INFO0119,1,36.0,36.0,34.0,2.0,3.0
INFO0094,1,36.0,36.0,36.0,2.0,8.0
INFO0109,1,36.0,36.0,35.0,4.0,9.0
INFO0361,1,36.0,36.0,36.0,3.0,7.0
INFO0325,1,36.0,36.0,34.0,4.0,2.0
INFO0702,1,36.0,36.0,37.0,2.0,5.0
INFO0706,1,36.0,36.0,35.0,3.0,5.0
INFO0298,1,36.0,36.0,35.0,3.0,7.0
INFO0036,1,36.0,36.0,35.0,4.0,4.0
INFO0876,1,36.0,36.0,33.0,4.0,4.0
INFO0247,1,36.0,36.0,35.0,4.0,6.0
INFO0216,1,35.0,35.0,36.0,5.0,6.0
INFO0035,1,35.0,35.0,35.0,3.0,5.0
INFO0903,1,35.0,35.0,36.0,3.0,4.0
INFO0462,2,35.0,35.0,35.5,4.0,7.5
INFO0428,1,35.0,35.0,35.0,3.0,9.0
INFO0436,1,35.0,35.0,36.0,4.0,8.0
INFO0142,1,35.0,35.0,35.0,3.0,3.0
INFO0603,1,35.0,35.0,35.0,4.0,8.0
INFO0432,1,35.0,35.0,34.0,1.0,5.0
INFO0150,1,35.0,35.0,32.0,3.0,5.0
INFO0160,1,35.0,35.0,35.0,4.0,6.0
INFO0493,2,35.0,35.0,35.5,4.5,8.0
INFO0476,1,35.0,35.0,35.0,2.0,6.0
INFO0356,1,35.0,35.0,34.0,1.0,5.0
INFO0108,1,35.0,35.0,35.0,3.0,7.0
INFO0084,1,35.0,35.0,35.0,3.0,6.0
INFO0316,1,35.0,35.0,33.0,4.0,3.0
INFO0932,1,35.0,35.0,36.0,3.0,4.0
INFO0248,1,35.0,35.0,34.0,5.0,8.0
INFO0878,1,35.0,35.0,33.0,3.0,1.0
INFO0863,1,35.0,35.0,32.0,3.0,8.0
INFO0272,1,35.0,35.0,35.0,2.0,6.0
INFO0257,1,35.0,35.0,35.0,2.0,5.0
INFO0809,1,35.0,35.0,33.0,4.0,2.0
INFO0814,1,35.0,35.0,34.0,3.0,6.0
INFO0207,1,35.0,35.0,34.0,4.0,4.0
INFO0210,1,35.0,35.0,29.0,3.0,4.0
INFO0733,1,35.0,35.0,35.0,4.0,5.0
INFO0720,1,35.0,35.0,35.0,3.0,5.0
INFO0981,1,35.0,35.0,37.0,3.0,8.0
INFO0531,1,35.0,35.0,34.0,4.0,6.0
INFO0404,1,35.0,35.0,36.0,4.0,6.0
INFO0441,1,35.0,35.0,34.0,3.0,3.0
INFO0297,1,35.0,35.0,34.0,3.0,2.0
INFO0705,1,35.0,35.0,34.0,5.0,5.0
INFO0686,1,35.0,35.0,36.0,4.0,10.0
INFO0606,1,35.0,35.0,36.0,5.0,11.0
INFO0118,1,35.0,35.0,34.0,3.0,7.0
INFO0648,1,35.0,35.0,34.0,3.0,6.0
INFO0348,1,35.0,35.0,32.0,5.0,3.0
INFO0133,1,35.0,35.0,36.0,2.0,6.0
INFO0403,1,35.0,35.0,32.0,1.0,5.0
INFO0345,1,35.0,35.0,31.0,3.0,4.0
INFO0376,1,35.0,35.0,35.0,3.0,7.0
INFO0631,1,35.0,35.0,34.0,4.0,5.0
INFO0327,3,34.666666666666664,34.666666666666664,35.333333333333336,4.666666666666667,10.333333333333334
INFO0898,2,34.5,34.5,35.5,4.0,7.0
INFO0993,1,34.0,34.0,35.0,1.0,4.0
INFO0948,1,34.0,34.0,34.0,3.0,6.0
INFO0923,1,34.0,34.0,34.0,3.0,6.0
INFO0077,1,34.0,34.0,32.0,3.0,6.0
INFO0284,1,34.0,34.0,33.0,1.0,5.0
INFO0276,1,34.0,34.0,32.0,4.0,3.0
INFO0037,1,34.0,34.0,33.0,2.0,6.0
INFO0064,1,34.0,34.0,32.0,2.0,7.0
INFO0986,1,34.0,34.0,33.0,2.0,6.0
INFO0224,1,34.0,34.0,34.0,2.0,4.0
INFO0900,1,34.0,34.0,35.0,3.0,7.0
INFO0217,1,34.0,34.0,33.0,3.0,5.0
INFO0239,1,34.0,34.0,34.0,3.0,6.0
INFO0235,1,34.0,34.0,33.0,4.0,8.0
INFO0311,1,34.0,34.0,31.0,2.0,3.0
INFO0312,1,34.0,34.0,32.0,3.0,1.0
INFO0715,1,34.0,34.0,35.0,4.0,10.0
INFO0753,1,34.0,34.0,32.0,2.0,6.0
INFO0831,1,34.0,34.0,33.0,4.0,3.0
INFO0341,1,34.0,34.0,34.0,4.0,4.0
INFO0634,1,34.0,34.0,34.0,3.0,4.0
INFO0111,1,34.0,34.0,33.0,4.0,4.0
INFO0093,1,34.0,34.0,34.0,5.0,8.0
INFO0696,1,34.0,34.0,32.0,2.0,6.0
INFO0693,1,34.0,34.0,34.0,3.0,5.0
INFO0098,1,34.0,34.0,35.0,3.0,7.0
INFO0714,1,34.0,34.0,33.0,4.0,3.0
INFO0673,1,34.0,34.0,34.0,2.0,7.0
INFO0195,1,34.0,34.0,34.0,4.0,6.0
INFO0191,1,34.0,34.0,33.0,1.0,7.0
INFO0607,1,34.0,34.0,35.0,2.0,7.0
INFO0519,1,34.0,34.0,35.0,4.0,6.0
INFO0534,1,34.0,34.0,34.0,3.0,7.0
INFO0533,1,34.0,34.0,33.0,3.0,5.0
INFO0558,1,34.0,34.0,35.0,2.0,7.0
INFO0594,1,34.0,34.0,35.0,4.0,9.0
INFO0396,1,34.0,34.0,31.0,4.0,1.0
INFO0392,1,34.0,34.0,32.0,3.0,8.0
INFO0602,1,34.0,34.0,34.0,4.0,7.0
INFO0508,1,34.0,34.0,31.0,3.0,3.0
INFO0485,1,34.0,34.0,34.0,5.0,7.0
INFO0480,1,34.0,34.0,33.0,4.0,5.0
INFO0001,1,34.0,34.0,34.0,2.0,6.0
INFO0016,1,34.0,34.0,33.0,2.0,5.0
INFO0013,1,34.0,34.0,34.0,4.0,3.0
INFO0010,1,34.0,34.0,33.0,3.0,4.0
INFO0479,3,33.666666666666664,33.666666666666664,34.333333333333336,4.666666666666667,10.333333333333334
INFO0724,2,33.5,33.5,34.5,3.5,10.0
INFO0393,2,33.5,33.5,33.5,4.5,8.5
INFO0857,3,33.333333333333336,33.333333333333336,34.0,4.0,8.333333333333334
INFO0240,5,33.2,33.2,33.6,4.2,9.4
INFO0251,1,33.0,33.0,33.0,4.0,5.0
INFO0245,1,33.0,33.0,33.0,4.0,7.0
INFO0875,1,33.0,33.0,33.0,4.0,3.0
INFO0151,1,33.0,33.0,29.0,4.0,5.0
INFO0472,1,33.0,33.0,32.0,3.0,7.0
INFO0778,1,33.0,33.0,32.0,3.0,10.0
INFO0294,1,33.0,33.0,34.0,3.0,5.0
INFO0798,1,33.0,33.0,33.0,2.0,7.0
INFO0262,1,33.0,33.0,32.0,4.0,5.0
INFO0254,1,33.0,33.0,32.0,2.0,3.0
INFO0174,1,33.0,33.0,34.0,3.0,5.0
INFO0801,1,33.0,33.0,33.0,2.0,7.0
INFO0423,1,33.0,33.0,33.0,5.0,6.0
INFO0918,1,33.0,33.0,34.0,3.0,3.0
INFO0437,1,33.0,33.0,33.0,3.0,4.0
INFO0882,1,33.0,33.0,34.0,4.0,7.0
INFO0672,1,33.0,33.0,30.0,2.0,5.0
INFO0370,1,33.0,33.0,33.0,4.0,5.0
INFO0135,1,33.0,33.0,32.0,3.0,3.0
INFO0019,1,33.0,33.0,34.0,3.0,6.0
INFO0599,1,33.0,33.0,33.0,3.0,4.0
INFO0588,1,33.0,33.0,33.0,1.0,6.0
INFO0386,1,33.0,33.0,33.0,3.0,6.0
INFO0391,1,33.0,33.0,32.0,3.0,4.0
INFO0577,1,33.0,33.0,32.0,4.0,4.0
INFO0136,1,33.0,33.0,32.0,2.0,5.0
INFO0009,1,33.0,33.0,32.0,4.0,5.0
INFO0529,1,33.0,33.0,34.0,2.0,4.0
INFO0713,1,33.0,33.0,34.0,3.0,7.0
INFO0482,2,33.0,33.0,32.5,4.5,8.5
INFO0422,2,33.0,33.0,34.0,4.0,10.0
INFO0281,1,33.0,33.0,33.0,2.0,5.0
INFO0473,1,33.0,33.0,34.0,4.0,3.0
INFO0760,1,33.0,33.0,33.0,2.0,3.0
INFO0717,1,33.0,33.0,34.0,5.0,6.0
INFO0309,1,33.0,33.0,32.0,4.0,5.0
INFO0506,1,33.0,33.0,33.0,4.0,8.0
INFO0492,1,33.0,33.0,33.0,4.0,4.0
INFO0657,1,33.0,33.0,34.0,5.0,5.0
INFO0193,1,33.0,33.0,34.0,3.0,9.0
INFO0694,1,33.0,33.0,33.0,3.0,7.0
INFO0685,1,33.0,33.0,33.0,4.0,4.0
INFO0337,1,33.0,33.0,32.0,1.0,5.0
INFO0464,1,33.0,33.0,33.0,4.0,8.0
INFO0303,1,33.0,33.0,33.0,3.0,5.0
INFO0097,1,33.0,33.0,33.0,2.0,5.0
INFO0619,3,32.666666666666664,32.666666666666664,33.666666666666664,4.333333333333333,9.666666666666666
INFO0939,2,32.5,32.5,33.0,4.0,9.0
INFO0313,2,32.5,32.5,33.5,4.5,9.0
INFO0420,2,32.5,32.5,32.0,4.0,7.5
INFO0384,1,32.0,32.0,31.0,4.0,5.0
INFO0596,1,32.0,32.0,31.0,3.0,6.0
INFO0026,1,32.0,32.0,30.0,2.0,6.0
INFO0364,1,32.0,32.0,31.0,3.0,3.0
INFO0511,1,32.0,32.0,31.0,1.0,6.0
INFO0711,1,32.0,32.0,31.0,3.0,6.0
INFO0099,1,32.0,32.0,32.0,2.0,6.0
INFO0660,1,32.0,32.0,31.0,3.0,3.0
INFO0340,1,32.0,32.0,33.0,3.0,4.0
INFO0960,1,32.0,32.0,30.0,3.0,3.0
INFO0598,1,32.0,32.0,30.0,2.0,2.0
INFO0355,1,32.0,32.0,33.0,3.0,8.0
INFO0368,1,32.0,32.0,31.0,4.0,7.0
INFO0524,1,32.0,32.0,31.0,5.0,4.0
INFO0716,1,32.0,32.0,32.0,5.0,5.0
INFO0305,1,32.0,32.0,33.0,4.0,7.0
INFO0734,1,32.0,32.0,33.0,3.0,5.0
INFO0074,1,32.0,32.0,32.0,3.0,3.0
INFO0082,2,32.0,32.0,32.5,3.5,5.5
INFO0488,1,32.0,32.0,33.0,3.0,5.0
INFO0745,1,32.0,32.0,30.0,5.0,3.0
INFO0646,1,32.0,32.0,32.0,2.0,5.0
INFO0770,1,32.0,32.0,29.0,2.0,3.0
INFO0083,1,32.0,32.0,30.0,4.0,2.0
INFO0786,1,32.0,32.0,33.0,5.0,5.0
INFO0463,3,32.0,32.0,32.666666666666664,4.666666666666667,9.333333333333334
INFO0264,1,32.0,32.0,33.0,3.0,7.0
INFO0454,1,32.0,32.0,29.0,2.0,7.0
INFO0060,1,32.0,32.0,31.0,4.0,6.0
INFO0822,1,32.0,32.0,31.0,3.0,3.0
INFO0510,1,32.0,32.0,30.0,3.0,4.0
INFO0528,1,32.0,32.0,32.0,3.0,7.0
INFO0834,2,31.5,31.5,32.0,4.0,7.5
INFO0375,1,31.0,31.0,32.0,2.0,7.0
INFO0008,1,31.0,31.0,29.0,4.0,5.0
INFO0989,2,31.0,31.0,32.0,1.5,6.0
INFO0241,1,31.0,31.0,32.0,3.0,4.0
INFO0049,1,31.0,31.0,31.0,2.0,4.0
INFO0231,1,31.0,31.0,32.0,2.0,9.0
INFO0920,3,31.0,31.0,32.0,4.666666666666667,8.666666666666666
INFO0976,1,31.0,31.0,32.0,2.0,4.0
INFO0123,1,31.0,31.0,31.0,2.0,5.0
INFO0928,1,31.0,31.0,32.0,5.0,7.0
INFO0874,1,31.0,31.0,30.0,4.0,3.0
INFO0553,1,31.0,31.0,31.0,4.0,7.0
INFO0113,1,31.0,31.0,31.0,2.0,3.0
INFO0209,1,31.0,31.0,30.0,2.0,4.0
INFO0869,1,31.0,31.0,29.0,3.0,3.0
INFO0421,1,31.0,31.0,30.0,1.0,4.0
INFO0799,1,31.0,31.0,32.0,3.0,3.0
INFO0256,1,31.0,31.0,31.0,3.0,7.0
INFO0286,1,31.0,31.0,29.0,4.0,4.0
INFO0055,1,31.0,31.0,30.0,2.0,5.0
INFO0727,1,31.0,31.0,30.0,2.0,5.0
INFO0624,1,31.0,31.0,31.0,3.0,3.0
INFO0509,1,31.0,31.0,31.0,1.0,8.0
INFO0296,1,31.0,31.0,31.0,4.0,3.0
INFO0295,1,31.0,31.0,31.0,3.0,3.0
INFO0678,1,31.0,31.0,32.0,3.0,8.0
INFO0642,1,31.0,31.0,31.0,5.0,3.0
INFO0748,1,31.0,31.0,29.0,2.0,3.0
INFO0730,1,31.0,31.0,30.0,4.0,6.0
INFO0718,4,30.75,30.75,31.5,4.5,9.25
INFO0277,4,30.75,30.75,31.75,4.5,10.0
INFO0699,2,30.5,30.5,31.0,4.0,9.0
INFO0071,2,30.5,30.5,30.5,3.0,5.5
INFO0196,2,30.5,30.5,30.0,3.5,6.5
INFO0649,4,30.25,30.25,31.25,3.75,10.5
INFO0938,2,30.0,30.0,30.5,3.5,6.5
INFO0440,1,30.0,30.0,30.0,3.0,4.0
INFO0910,2,30.0,30.0,30.0,3.0,8.0
INFO0028,1,30.0,30.0,31.0,3.0,4.0
INFO0844,1,30.0,30.0,29.0,3.0,4.0
INFO0846,1,30.0,30.0,31.0,4.0,6.0
INFO0172,1,30.0,30.0,31.0,3.0,5.0
INFO0467,1,30.0,30.0,29.0,2.0,5.0
INFO0790,1,30.0,30.0,30.0,4.0,4.0
INFO0161,1,30.0,30.0,31.0,4.0,5.0
INFO0756,1,30.0,30.0,30.0,3.0,5.0
INFO0762,1,30.0,30.0,28.0,2.0,5.0
INFO0063,1,30.0,30.0,29.0,5.0,4.0
INFO0261,1,30.0,30.0,28.0,2.0,3.0
INFO0692,1,30.0,30.0,31.0,4.0,5.0
INFO0703,1,30.0,30.0,26.0,3.0,2.0
INFO0535,1,30.0,30.0,29.0,2.0,4.0
INFO0331,1,30.0,30.0,31.0,3.0,6.0
INFO0189,1,30.0,30.0,30.0,4.0,3.0
INFO0185,2,30.0,30.0,29.0,3.0,5.0
INFO0329,1,30.0,30.0,29.0,3.0,2.0
INFO0350,1,30.0,30.0,27.0,5.0,3.0
INFO0132,1,30.0,30.0,31.0,3.0,8.0
INFO0372,1,30.0,30.0,29.0,5.0,3.0
INFO0360,1,30.0,30.0,29.0,1.0,6.0
INFO0578,1,30.0,30.0,29.0,1.0,2.0
INFO0502,2,29.5,29.5,29.5,3.5,5.0
INFO0562,2,29.5,29.5,29.5,4.0,9.0
INFO0203,2,29.5,29.5,29.5,4.5,8.5
INFO0811,5,29.2,29.2,29.6,4.4,9.4
INFO0051,3,29.0,29.0,29.666666666666668,4.666666666666667,8.666666666666666
INFO0891,1,29.0,29.0,30.0,3.0,5.0
INFO0222,1,29.0,29.0,30.0,5.0,5.0
INFO0587,1,29.0,29.0,29.0,2.0,3.0
INFO0426,1,29.0,29.0,29.0,1.0,4.0
INFO0991,1,29.0,29.0,27.0,1.0,4.0
INFO0223,1,29.0,29.0,29.0,2.0,4.0
INFO0917,1,29.0,29.0,27.0,2.0,5.0
INFO0579,1,29.0,29.0,27.0,3.0,6.0
INFO0813,1,29.0,29.0,28.0,4.0,3.0
INFO0595,1,29.0,29.0,26.0,3.0,6.0
INFO0600,1,29.0,29.0,26.0,3.0,3.0
INFO0589,1,29.0,29.0,30.0,2.0,6.0
INFO0955,2,29.0,29.0,29.0,3.0,9.0
INFO0951,2,29.0,29.0,29.5,4.0,8.5
INFO0351,1,29.0,29.0,28.0,1.0,5.0
INFO0795,1,29.0,29.0,28.0,4.0,2.0
INFO0601,1,29.0,29.0,30.0,2.0,4.0
INFO0369,1,29.0,29.0,30.0,2.0,8.0
INFO0387,1,29.0,29.0,28.0,3.0,6.0
INFO0838,1,29.0,29.0,28.0,3.0,2.0
INFO0854,2,29.0,29.0,29.0,3.5,8.0
INFO0259,1,29.0,29.0,30.0,3.0,5.0
INFO0879,1,29.0,29.0,27.0,2.0,5.0
INFO0666,1,29.0,29.0,28.0,4.0,4.0
INFO0612,1,29.0,29.0,28.0,2.0,5.0
INFO0192,1,29.0,29.0,30.0,3.0,5.0
INFO0956,1,29.0,29.0,30.0,3.0,4.0
INFO0183,2,29.0,29.0,29.5,4.0,8.5
INFO0213,3,28.666666666666668,28.666666666666668,29.0,4.0,8.333333333333334
INFO0551,2,28.5,28.5,29.0,5.0,6.5
INFO0087,5,28.4,28.4,29.0,4.0,10.4
INFO0412,3,28.333333333333332,28.333333333333332,29.0,3.6666666666666665,7.333333333333333
INFO0988,1,28.0,28.0,28.0,2.0,7.0
INFO0995,1,28.0,28.0,25.0,1.0,5.0
INFO0280,1,28.0,28.0,29.0,3.0,7.0
INFO0265,1,28.0,28.0,28.0,3.0,7.0
INFO0066,1,28.0,28.0,27.0,2.0,4.0
INFO0902,1,28.0,28.0,29.0,2.0,5.0
INFO0250,1,28.0,28.0,29.0,4.0,3.0
INFO0812,1,28.0,28.0,26.0,1.0,5.0
INFO0576,1,28.0,28.0,26.0,4.0,4.0
INFO0288,1,28.0,28.0,29.0,3.0,6.0
INFO0515,1,28.0,28.0,29.0,4.0,5.0
INFO0197,3,28.0,28.0,29.0,3.6666666666666665,7.666666666666667
INFO0381,1,28.0,28.0,25.0,3.0,2.0
INFO0742,1,28.0,28.0,26.0,2.0,3.0
INFO0719,1,28.0,28.0,27.0,1.0,6.0
INFO0323,2,28.0,28.0,29.0,4.0,7.0
INFO0338,1,28.0,28.0,26.0,1.0,6.0
INFO0677,1,28.0,28.0,28.0,3.0,6.0
INFO0690,1,28.0,28.0,28.0,4.0,1.0
INFO0106,1,28.0,28.0,27.0,3.0,5.0
INFO0347,1,28.0,28.0,28.0,3.0,4.0
INFO0005,2,28.0,28.0,28.5,2.5,6.0
INFO0970,2,28.0,28.0,28.5,2.5,6.0
INFO0942,4,27.75,27.75,28.25,3.25,6.75
INFO0743,5,27.6,27.6,28.4,4.2,9.2
INFO0582,2,27.5,27.5,28.0,4.0,6.5
INFO0198,2,27.5,27.5,28.0,4.0,6.5
INFO0446,3,27.333333333333332,27.333333333333332,28.0,4.333333333333333,7.333333333333333
INFO0101,4,27.25,27.25,27.75,3.75,8.75
INFO0899,1,27.0,27.0,20.0,1.0,2.0
INFO0023,3,27.0,27.0,28.0,3.0,8.666666666666666
INFO0640,1,27.0,27.0,27.0,2.0,5.0
INFO0737,1,27.0,27.0,27.0,4.0,5.0
INFO0513,2,27.0,27.0,28.0,3.5,6.0
INFO0333,1,27.0,27.0,28.0,4.0,3.0
INFO0972,1,27.0,27.0,28.0,2.0,2.0
INFO0936,3,27.0,27.0,27.666666666666668,3.0,6.666666666666667
INFO0139,2,27.0,27.0,27.0,3.5,4.0
INFO0789,1,27.0,27.0,27.0,2.0,8.0
INFO0201,1,27.0,27.0,27.0,2.0,4.0
INFO0581,1,27.0,27.0,27.0,4.0,4.0
INFO0608,1,27.0,27.0,25.0,2.0,3.0
INFO0560,2,27.0,27.0,28.0,3.5,4.5
INFO0153,1,27.0,27.0,27.0,4.0,2.0
INFO0162,1,27.0,27.0,27.0,4.0,4.0
INFO0343,1,27.0,27.0,28.0,4.0,5.0
INFO0014,2,27.0,27.0,27.5,3.5,6.0
INFO0090,1,27.0,27.0,27.0,2.0,3.0
INFO0516,4,26.75,26.75,27.25,5.0,8.0
INFO0352,4,26.75,26.75,27.0,4.0,6.75
INFO0491,3,26.666666666666668,26.666666666666668,27.333333333333332,4.333333333333333,8.333333333333334
INFO0773,3,26.666666666666668,26.666666666666668,27.333333333333332,4.0,7.0
INFO0357,2,26.5,26.5,27.5,3.5,7.0
INFO0378,2,26.5,26.5,27.5,3.0,7.5
INFO0530,2,26.5,26.5,27.5,4.0,5.5
INFO0729,3,26.333333333333332,26.333333333333332,26.333333333333332,3.6666666666666665,8.666666666666666
INFO0761,3,26.333333333333332,26.333333333333332,26.333333333333332,4.333333333333333,8.0
INFO0652,1,26.0,26.0,27.0,4.0,8.0
INFO0501,1,26.0,26.0,27.0,3.0,4.0
INFO0029,2,26.0,26.0,26.5,3.5,9.5
INFO0883,3,26.0,26.0,27.0,4.666666666666667,6.666666666666667
INFO0922,1,26.0,26.0,25.0,4.0,3.0
INFO0921,1,26.0,26.0,27.0,1.0,4.0
INFO0885,3,26.0,26.0,26.333333333333332,3.6666666666666665,6.0
INFO0306,2,26.0,26.0,27.0,3.5,5.0
INFO0721,3,26.0,26.0,26.333333333333332,3.0,7.0
INFO0704,1,26.0,26.0,26.0,2.0,2.0
INFO0072,1,26.0,26.0,27.0,4.0,6.0
INFO0931,2,26.0,26.0,26.0,3.5,6.5
INFO0385,1,26.0,26.0,27.0,3.0,5.0
INFO0833,1,26.0,26.0,26.0,2.0,4.0
INFO0499,2,26.0,26.0,26.0,4.0,5.5
INFO0258,5,25.8,25.8,26.8,4.6,8.4
INFO0512,3,25.666666666666668,25.666666666666668,26.333333333333332,3.0,7.666666666666667
INFO0573,2,25.5,25.5,26.5,3.5,7.0
INFO0929,2,25.5,25.5,26.0,3.0,7.0
INFO0653,3,25.333333333333332,25.333333333333332,26.0,3.3333333333333335,6.666666666666667
INFO0215,4,25.0,25.0,25.75,4.0,9.75
INFO0627,2,25.0,25.0,24.0,3.0,4.5
INFO0638,2,25.0,25.0,25.5,2.5,6.0
INFO0808,3,25.0,25.0,25.333333333333332,4.0,6.333333333333333
INFO0070,4,25.0,25.0,25.0,3.75,6.0
INFO0407,1,25.0,25.0,25.0,3.0,4.0
INFO0414,2,25.0,25.0,25.5,3.5,5.0
INFO0326,2,25.0,25.0,26.0,4.0,4.5
INFO0862,1,25.0,25.0,25.0,2.0,3.0
INFO0427,3,25.0,25.0,26.0,4.0,7.666666666666667
INFO0003,3,25.0,25.0,25.666666666666668,4.333333333333333,5.333333333333333
INFO0740,3,25.0,25.0,26.0,4.333333333333333,6.333333333333333
INFO0984,4,24.75,24.75,25.25,2.0,9.0
INFO0763,6,24.666666666666668,24.666666666666668,25.0,4.333333333333333,8.166666666666666
INFO0424,2,24.5,24.5,25.5,3.5,5.0
INFO0926,2,24.5,24.5,25.0,3.5,8.0
INFO0517,4,24.5,24.5,25.5,4.25,8.25
INFO0983,2,24.5,24.5,24.5,2.0,5.0
INFO0038,2,24.5,24.5,25.0,3.5,5.5
INFO0481,2,24.5,24.5,24.0,3.0,6.5
INFO0697,2,24.5,24.5,24.5,3.5,5.0
INFO0018,3,24.333333333333332,24.333333333333332,25.0,3.6666666666666665,6.0
INFO0382,3,24.333333333333332,24.333333333333332,25.333333333333332,3.3333333333333335,6.333333333333333
INFO0681,4,24.25,24.25,24.5,3.75,7.5
INFO0726,5,24.2,24.2,25.2,4.0,7.2
INFO0237,1,24.0,24.0,25.0,3.0,6.0
INFO0896,1,24.0,24.0,25.0,2.0,6.0
INFO0842,1,24.0,24.0,25.0,3.0,6.0
INFO0105,2,24.0,24.0,23.5,4.0,5.0
INFO0080,1,24.0,24.0,23.0,4.0,3.0
INFO0469,2,24.0,24.0,24.5,2.5,5.5
INFO0208,2,24.0,24.0,24.0,1.5,7.0
INFO0362,2,24.0,24.0,24.0,3.0,4.0
INFO0691,1,24.0,24.0,25.0,3.0,5.0
INFO0561,2,24.0,24.0,23.5,4.0,4.5
INFO0877,4,23.75,23.75,24.5,3.75,7.0
INFO0999,3,23.666666666666668,23.666666666666668,24.0,1.0,6.0
INFO0121,3,23.666666666666668,23.666666666666668,24.0,2.6666666666666665,5.333333333333333
INFO0397,3,23.666666666666668,23.666666666666668,24.333333333333332,2.6666666666666665,9.0
INFO0166,2,23.5,23.5,23.0,3.5,5.5
INFO0621,2,23.5,23.5,24.5,2.5,8.5
INFO0466,2,23.5,23.5,23.0,2.0,3.5
INFO0373,2,23.5,23.5,24.0,4.5,3.5
INFO0633,4,23.5,23.5,24.0,3.75,5.25
INFO0593,3,23.333333333333332,23.333333333333332,23.0,3.3333333333333335,4.666666666666667
INFO0919,3,23.333333333333332,23.333333333333332,23.333333333333332,3.0,4.0
INFO0141,4,23.25,23.25,23.5,3.75,6.75
INFO0532,1,23.0,23.0,22.0,2.0,3.0
INFO0086,2,23.0,23.0,23.5,3.0,5.0
INFO0669,2,23.0,23.0,24.0,3.0,7.5
INFO0755,2,23.0,23.0,23.5,1.5,4.0
INFO0048,4,23.0,23.0,24.0,3.5,8.0
INFO0134,3,23.0,23.0,23.0,2.6666666666666665,4.333333333333333
INFO0379,2,23.0,23.0,23.5,2.5,4.5
INFO0610,3,23.0,23.0,24.0,4.0,6.0
INFO0552,2,23.0,23.0,24.0,4.5,6.0
INFO0498,3,23.0,23.0,23.666666666666668,3.3333333333333335,6.333333333333333
INFO0622,5,22.8,22.8,23.6,4.4,7.6
INFO0769,3,22.666666666666668,22.666666666666668,23.666666666666668,4.0,5.666666666666667
INFO0871,3,22.666666666666668,22.666666666666668,23.333333333333332,3.6666666666666665,6.666666666666667
INFO0744,3,22.666666666666668,22.666666666666668,23.0,4.0,6.666666666666667
INFO0738,5,22.6,22.6,23.2,4.2,7.4
INFO0736,2,22.5,22.5,23.0,1.5,3.0
INFO0968,2,22.5,22.5,23.5,2.5,7.5
INFO0233,2,22.5,22.5,23.0,3.5,6.5
INFO0518,5,22.4,22.4,23.4,3.6,7.8
INFO0913,5,22.2,22.2,22.8,4.4,9.0
INFO0112,2,22.0,22.0,22.5,3.0,3.0
INFO0266,2,22.0,22.0,21.0,2.5,5.5
INFO0149,3,22.0,22.0,22.0,3.3333333333333335,7.0
INFO0474,2,22.0,22.0,23.0,3.0,4.0
INFO0496,2,22.0,22.0,21.0,4.0,5.0
INFO0202,2,22.0,22.0,22.5,4.0,4.0
INFO0544,3,22.0,22.0,22.333333333333332,3.6666666666666665,5.666666666666667
INFO0177,2,22.0,22.0,22.0,2.5,4.5
INFO0344,2,22.0,22.0,22.0,2.5,4.5
INFO0817,4,22.0,22.0,23.0,4.25,6.75
INFO0181,2,22.0,22.0,22.0,1.5,3.5
INFO0226,2,22.0,22.0,22.5,3.0,3.0
INFO0905,2,22.0,22.0,23.0,2.5,5.5
INFO0299,3,21.666666666666668,21.666666666666668,22.333333333333332,3.3333333333333335,5.333333333333333
INFO0175,3,21.666666666666668,21.666666666666668,22.666666666666668,3.0,5.666666666666667
INFO0170,3,21.666666666666668,21.666666666666668,22.666666666666668,3.3333333333333335,5.333333333333333
INFO0825,3,21.666666666666668,21.666666666666668,22.333333333333332,4.0,6.0
INFO0574,5,21.6,21.6,22.4,3.6,7.2
INFO0377,2,21.5,21.5,22.0,3.5,5.0
INFO0293,2,21.5,21.5,22.0,3.5,5.0
INFO0886,4,21.5,21.5,22.0,3.75,7.0
INFO0363,6,21.5,21.5,21.833333333333332,4.0,7.333333333333333
INFO0484,2,21.5,21.5,21.0,2.5,5.5
INFO0927,2,21.5,21.5,22.0,2.5,4.5
INFO0507,2,21.5,21.5,22.5,1.5,6.0
INFO0852,3,21.333333333333332,21.333333333333332,21.666666666666668,3.0,4.666666666666667
INFO0540,3,21.333333333333332,21.333333333333332,21.666666666666668,3.6666666666666665,5.666666666666667
INFO0033,3,21.333333333333332,21.333333333333332,22.0,3.3333333333333335,5.666666666666667
INFO0647,3,21.333333333333332,21.333333333333332,22.333333333333332,3.0,5.333333333333333
INFO0788,5,21.2,21.2,22.2,4.4,7.2
INFO0096,5,21.2,21.2,22.2,3.6,6.4
INFO0367,1,21.0,21.0,21.0,1.0,5.0
INFO0269,3,21.0,21.0,22.0,3.0,6.666666666666667
INFO0290,2,21.0,21.0,20.5,2.5,4.5
INFO0554,1,21.0,21.0,21.0,2.0,3.0
INFO0282,2,21.0,21.0,21.0,3.0,5.5
INFO0017,2,21.0,21.0,21.5,3.0,5.5
INFO0069,2,21.0,21.0,22.0,2.0,5.0
INFO0221,1,21.0,21.0,22.0,5.0,2.0
INFO0413,4,21.0,21.0,21.5,3.25,5.5
INFO0654,2,21.0,21.0,21.5,2.5,3.5
INFO0358,3,21.0,21.0,21.333333333333332,3.6666666666666665,5.666666666666667
INFO0700,7,20.714285714285715,20.714285714285715,21.571428571428573,4.285714285714286,7.428571428571429
INFO0539,3,20.666666666666668,20.666666666666668,21.333333333333332,3.3333333333333335,4.666666666666667
INFO0522,3,20.666666666666668,20.666666666666668,20.333333333333332,3.0,4.666666666666667
INFO0339,6,20.666666666666668,20.666666666666668,21.333333333333332,3.8333333333333335,7.0
INFO0611,3,20.666666666666668,20.666666666666668,21.333333333333332,3.3333333333333335,4.0
INFO0117,3,20.666666666666668,20.666666666666668,20.666666666666668,2.6666666666666665,5.666666666666667
INFO0774,7,20.428571428571427,20.428571428571427,21.428571428571427,4.285714285714286,7.714285714285714
INFO0912,3,20.333333333333332,20.333333333333332,21.333333333333332,3.3333333333333335,6.666666666666667
INFO0167,4,20.25,20.25,21.0,4.0,4.25
INFO0750,4,20.25,20.25,21.25,3.5,7.0
INFO0244,5,20.2,20.2,20.6,3.8,7.4
INFO0332,3,20.0,20.0,20.666666666666668,3.0,5.0
INFO0220,3,20.0,20.0,21.0,4.333333333333333,5.333333333333333
INFO0907,2,20.0,20.0,20.5,2.0,3.0
INFO0682,2,20.0,20.0,21.0,2.5,4.5
INFO0556,2,20.0,20.0,21.0,2.5,4.5
INFO0708,5,19.8,19.8,20.4,3.4,6.0
INFO0447,4,19.75,19.75,20.75,4.0,5.0
INFO0950,4,19.75,19.75,20.25,3.25,6.25
INFO0012,4,19.75,19.75,20.0,4.25,5.0
INFO0457,6,19.666666666666668,19.666666666666668,20.5,4.333333333333333,8.0
INFO0079,3,19.666666666666668,19.666666666666668,20.666666666666668,3.3333333333333335,6.666666666666667
INFO0050,3,19.666666666666668,19.666666666666668,20.333333333333332,2.6666666666666665,4.0
INFO0460,3,19.666666666666668,19.666666666666668,20.333333333333332,2.3333333333333335,4.666666666666667
INFO0459,5,19.6,19.6,20.0,3.2,5.0
INFO0056,2,19.5,19.5,20.0,2.5,3.5
INFO0994,2,19.5,19.5,18.0,1.0,3.5
INFO0443,2,19.5,19.5,20.5,4.0,6.0
INFO0823,2,19.5,19.5,20.0,3.0,4.0
INFO0025,2,19.5,19.5,20.0,3.0,4.0
INFO0959,3,19.333333333333332,19.333333333333332,20.333333333333332,2.6666666666666665,4.666666666666667
INFO0947,3,19.333333333333332,19.333333333333332,20.333333333333332,3.0,6.0
INFO0548,3,19.333333333333332,19.333333333333332,20.333333333333332,3.3333333333333335,5.666666666666667
INFO0828,3,19.333333333333332,19.333333333333332,20.333333333333332,4.0,4.666666666666667
INFO0310,4,19.25,19.25,19.75,3.5,5.0
INFO0978,3,19.0,19.0,20.0,3.0,5.666666666666667
INFO0458,3,19.0,19.0,20.0,2.6666666666666665,7.333333333333333
INFO0456,3,19.0,19.0,20.0,3.0,6.666666666666667
INFO0941,3,19.0,19.0,19.666666666666668,3.0,5.333333333333333
INFO0807,3,19.0,19.0,19.333333333333332,2.6666666666666665,3.6666666666666665
INFO0137,2,19.0,19.0,20.0,2.0,4.0
INFO0230,4,19.0,19.0,19.75,3.0,5.25
INFO0065,4,18.75,18.75,19.25,3.0,5.0
INFO0398,4,18.75,18.75,19.75,3.25,7.25
INFO0110,7,18.714285714285715,18.714285714285715,19.428571428571427,3.7142857142857144,6.142857142857143
INFO0271,3,18.666666666666668,18.666666666666668,19.0,3.0,5.333333333333333
INFO0073,3,18.666666666666668,18.666666666666668,19.333333333333332,2.6666666666666665,3.6666666666666665
INFO0861,3,18.666666666666668,18.666666666666668,19.333333333333332,3.0,4.0
INFO0030,5,18.6,18.6,19.6,4.2,6.4
INFO0982,2,18.5,18.5,19.5,2.0,4.5
INFO0555,2,18.5,18.5,18.5,3.5,5.5
INFO0802,2,18.5,18.5,19.5,2.5,3.0
INFO0563,2,18.5,18.5,17.5,2.5,3.5
INFO0040,2,18.5,18.5,19.0,2.5,3.0
INFO0190,5,18.4,18.4,19.0,4.0,4.6
INFO0178,3,18.333333333333332,18.333333333333332,19.333333333333332,3.0,4.333333333333333
INFO0278,3,18.333333333333332,18.333333333333332,19.333333333333332,4.666666666666667,5.0
INFO0444,3,18.333333333333332,18.333333333333332,19.333333333333332,3.3333333333333335,4.666666666666667
INFO0179,3,18.333333333333332,18.333333333333332,18.666666666666668,3.3333333333333335,4.0
INFO0853,3,18.333333333333332,18.333333333333332,18.333333333333332,2.6666666666666665,4.0
INFO0546,3,18.333333333333332,18.333333333333332,19.333333333333332,3.0,5.666666666666667
INFO0845,5,18.2,18.2,18.8,3.4,5.2
INFO0952,5,18.0,18.0,18.8,3.0,6.4
INFO0731,4,18.0,18.0,18.75,2.75,6.25
INFO0205,3,18.0,18.0,19.0,3.0,6.333333333333333
INFO0204,3,18.0,18.0,19.0,3.3333333333333335,4.666666666666667
INFO0565,5,18.0,18.0,19.0,3.4,4.2
INFO0274,3,18.0,18.0,18.333333333333332,2.6666666666666665,4.333333333333333
INFO0850,3,18.0,18.0,18.0,3.0,4.333333333333333
INFO0930,3,18.0,18.0,18.666666666666668,2.6666666666666665,7.0
INFO0452,3,18.0,18.0,18.666666666666668,1.6666666666666667,4.0
INFO0461,3,18.0,18.0,19.0,4.0,5.333333333333333
INFO0967,5,18.0,18.0,19.0,2.6,7.2
INFO0031,7,17.857142857142858,17.857142857142858,18.857142857142858,3.2857142857142856,6.571428571428571
INFO0689,7,17.857142857142858,17.857142857142858,18.714285714285715,3.857142857142857,7.428571428571429
INFO0394,5,17.8,17.8,18.2,4.0,6.6
INFO0438,3,17.666666666666668,17.666666666666668,18.666666666666668,3.3333333333333335,4.333333333333333
INFO0007,3,17.666666666666668,17.666666666666668,18.333333333333332,3.0,3.6666666666666665
INFO0830,3,17.666666666666668,17.666666666666668,18.333333333333332,2.6666666666666665,3.6666666666666665
INFO0566,3,17.666666666666668,17.666666666666668,18.333333333333332,2.6666666666666665,4.0
INFO0676,6,17.666666666666668,17.666666666666668,18.666666666666668,3.8333333333333335,6.166666666666667
INFO0629,3,17.666666666666668,17.666666666666668,17.666666666666668,3.3333333333333335,4.666666666666667
INFO0911,3,17.666666666666668,17.666666666666668,18.666666666666668,2.3333333333333335,5.666666666666667
INFO0739,3,17.666666666666668,17.666666666666668,18.0,3.6666666666666665,4.666666666666667
INFO0268,3,17.666666666666668,17.666666666666668,18.333333333333332,3.0,3.0
INFO0127,3,17.666666666666668,17.666666666666668,18.333333333333332,3.6666666666666665,4.333333333333333
INFO0839,3,17.666666666666668,17.666666666666668,18.333333333333332,3.0,4.666666666666667
INFO0243,5,17.6,17.6,18.4,3.8,5.0
INFO0945,2,17.5,17.5,18.5,2.5,5.0
INFO0246,2,17.5,17.5,17.0,3.0,3.5
INFO0909,2,17.5,17.5,18.0,3.5,3.0
INFO0709,5,17.4,17.4,18.2,3.4,5.2
INFO0487,5,17.4,17.4,18.4,3.2,6.6
INFO0559,3,17.333333333333332,17.333333333333332,18.0,3.3333333333333335,5.0
INFO0163,3,17.333333333333332,17.333333333333332,18.333333333333332,2.3333333333333335,4.333333333333333
INFO0626,5,17.2,17.2,18.0,3.2,6.6
INFO0835,8,17.125,17.125,18.125,3.75,6.375
INFO0547,3,17.0,17.0,17.666666666666668,3.6666666666666665,4.666666666666667
INFO0451,2,17.0,17.0,17.5,2.5,4.0
INFO0032,5,17.0,17.0,17.8,2.6,5.4
INFO0047,7,16.857142857142858,16.857142857142858,17.857142857142858,3.7142857142857144,6.0
INFO0129,5,16.8,16.8,17.8,3.8,6.4
INFO0006,4,16.75,16.75,17.75,2.75,5.25
INFO0975,4,16.75,16.75,16.75,2.25,4.0
INFO0143,3,16.666666666666668,16.666666666666668,17.333333333333332,2.6666666666666665,5.333333333333333
INFO0887,3,16.666666666666668,16.666666666666668,17.333333333333332,2.6666666666666665,4.666666666666667
INFO0758,3,16.666666666666668,16.666666666666668,17.666666666666668,2.3333333333333335,5.666666666666667
INFO0249,3,16.666666666666668,16.666666666666668,17.666666666666668,2.0,3.6666666666666665
INFO0545,5,16.6,16.6,17.0,4.0,4.4
INFO0937,5,16.6,16.6,17.2,3.4,5.4
INFO0894,5,16.6,16.6,17.6,2.8,4.6
INFO0583,2,16.5,16.5,16.5,1.5,2.5
INFO0893,3,16.333333333333332,16.333333333333332,17.0,2.6666666666666665,5.333333333333333
INFO0904,3,16.333333333333332,16.333333333333332,17.333333333333332,1.6666666666666667,4.333333333333333
INFO0011,3,16.333333333333332,16.333333333333332,16.666666666666668,2.0,1.6666666666666667
INFO0034,3,16.333333333333332,16.333333333333332,17.333333333333332,3.6666666666666665,5.666666666666667
INFO0279,3,16.333333333333332,16.333333333333332,17.0,2.6666666666666665,4.0
INFO0171,4,16.25,16.25,16.5,2.5,3.75
INFO0497,4,16.25,16.25,17.25,3.0,6.25
INFO0792,5,16.0,16.0,16.4,2.8,5.6
INFO0618,2,16.0,16.0,16.5,2.5,4.0
INFO0841,3,16.0,16.0,17.0,3.0,5.0
INFO0317,5,16.0,16.0,17.0,2.8,3.6
INFO0953,8,16.0,16.0,16.875,3.75,6.0
INFO0781,3,16.0,16.0,16.0,2.6666666666666665,3.6666666666666665
INFO0253,3,16.0,16.0,17.0,2.6666666666666665,4.0
INFO0144,4,16.0,16.0,17.0,3.5,5.0
INFO0285,8,15.875,15.875,16.625,4.0,5.25
INFO0022,5,15.8,15.8,16.2,3.2,5.2
INFO0800,3,15.666666666666666,15.666666666666666,16.333333333333332,2.6666666666666665,4.333333333333333
INFO0785,7,15.571428571428571,15.571428571428571,16.142857142857142,3.142857142857143,5.285714285714286
INFO0821,8,15.5,15.5,16.5,3.75,6.5
INFO0415,2,15.5,15.5,15.5,2.0,3.0
INFO0081,4,15.5,15.5,15.75,2.5,3.0
INFO0131,2,15.5,15.5,15.0,1.5,3.5
INFO0695,5,15.4,15.4,16.4,3.6,3.8
INFO0520,3,15.333333333333334,15.333333333333334,16.333333333333332,3.3333333333333335,5.333333333333333
INFO0061,3,15.0,15.0,15.333333333333334,2.3333333333333335,4.0
INFO0078,3,15.0,15.0,16.0,3.0,6.0
INFO0616,3,15.0,15.0,15.666666666666666,2.6666666666666665,4.666666666666667
INFO0405,3,15.0,15.0,16.0,2.3333333333333335,5.0
INFO0180,3,15.0,15.0,16.0,2.0,4.666666666666667
INFO0148,5,14.8,14.8,15.8,3.6,4.2
INFO0765,4,14.75,14.75,15.5,3.25,4.0
INFO0767,3,14.666666666666666,14.666666666666666,15.666666666666666,2.3333333333333335,3.6666666666666665
INFO0710,3,14.666666666666666,14.666666666666666,15.666666666666666,2.6666666666666665,4.333333333333333
INFO0979,3,14.666666666666666,14.666666666666666,15.0,2.0,3.3333333333333335
INFO0637,3,14.666666666666666,14.666666666666666,15.666666666666666,3.0,4.666666666666667
INFO0020,3,14.666666666666666,14.666666666666666,15.0,2.3333333333333335,3.6666666666666665
INFO0138,3,14.666666666666666,14.666666666666666,14.666666666666666,3.0,2.3333333333333335
INFO0445,3,14.666666666666666,14.666666666666666,14.333333333333334,3.0,3.0
INFO0764,3,14.666666666666666,14.666666666666666,15.0,3.0,4.0
INFO0870,5,14.6,14.6,15.4,3.0,3.4
INFO0062,4,14.5,14.5,15.5,2.75,3.25
INFO0536,3,14.333333333333334,14.333333333333334,15.333333333333334,2.6666666666666665,4.333333333333333
INFO1000,3,14.333333333333334,14.333333333333334,14.0,1.0,4.0
INFO0411,3,14.333333333333334,14.333333333333334,15.333333333333334,3.0,3.3333333333333335
INFO0889,3,14.333333333333334,14.333333333333334,15.333333333333334,2.0,2.6666666666666665
INFO0449,3,14.333333333333334,14.333333333333334,15.0,2.3333333333333335,4.666666666666667
INFO0418,3,14.333333333333334,14.333333333333334,15.333333333333334,2.3333333333333335,4.0
INFO0289,3,14.333333333333334,14.333333333333334,14.666666666666666,2.0,3.6666666666666665
INFO0832,5,14.2,14.2,15.0,3.0,4.4
INFO0486,3,14.0,14.0,14.666666666666666,2.3333333333333335,3.6666666666666665
INFO0489,3,14.0,14.0,14.666666666666666,1.6666666666666667,4.333333333333333
INFO0525,3,14.0,14.0,13.666666666666666,1.6666666666666667,1.6666666666666667
INFO0304,3,13.666666666666666,13.666666666666666,14.0,2.0,2.6666666666666665
INFO0401,5,13.6,13.6,14.6,2.8,4.0
INFO0977,3,13.333333333333334,13.333333333333334,14.0,2.0,3.3333333333333335
INFO0958,3,13.333333333333334,13.333333333333334,14.333333333333334,2.3333333333333335,2.6666666666666665
INFO0227,3,13.333333333333334,13.333333333333334,14.0,3.0,2.0
INFO0104,3,13.333333333333334,13.333333333333334,13.666666666666666,2.3333333333333335,3.3333333333333335
INFO0330,3,13.333333333333334,13.333333333333334,14.333333333333334,2.3333333333333335,4.0
INFO0453,3,13.333333333333334,13.333333333333334,14.333333333333334,2.3333333333333335,3.3333333333333335
INFO0780,3,13.333333333333334,13.333333333333334,14.0,1.6666666666666667,3.3333333333333335
INFO0307,3,13.333333333333334,13.333333333333334,13.666666666666666,2.0,3.3333333333333335
INFO0053,3,13.333333333333334,13.333333333333334,14.333333333333334,2.6666666666666665,3.6666666666666665
INFO0374,3,13.333333333333334,13.333333333333334,14.0,1.3333333333333333,4.666666666666667
INFO0974,4,13.25,13.25,14.0,2.5,4.25
INFO0810,5,13.2,13.2,14.0,2.6,5.2
INFO0859,5,13.0,13.0,14.0,2.6,4.6
INFO0219,3,13.0,13.0,14.0,3.0,2.6666666666666665
INFO0140,3,13.0,13.0,13.666666666666666,2.3333333333333335,3.3333333333333335
INFO0366,3,13.0,13.0,13.666666666666666,1.3333333333333333,3.0
INFO0173,7,12.857142857142858,12.857142857142858,13.428571428571429,2.5714285714285716,5.714285714285714
INFO0537,5,12.8,12.8,13.8,2.4,4.4
INFO0417,3,12.666666666666666,12.666666666666666,13.666666666666666,2.6666666666666665,2.6666666666666665
INFO0741,3,12.666666666666666,12.666666666666666,13.0,2.0,2.0
INFO0538,3,12.666666666666666,12.666666666666666,13.666666666666666,2.3333333333333335,4.0
INFO0155,3,12.333333333333334,12.333333333333334,13.0,2.0,3.0
INFO0024,3,12.333333333333334,12.333333333333334,13.333333333333334,2.0,4.0
INFO0815,3,12.333333333333334,12.333333333333334,13.0,2.0,2.3333333333333335
INFO0636,3,12.0,12.0,13.0,2.3333333333333335,3.0
INFO0985,3,11.666666666666666,11.666666666666666,12.0,1.6666666666666667,3.0
INFO0966,3,11.666666666666666,11.666666666666666,13.0,1.6666666666666667,2.3333333333333335
INFO0645,3,11.666666666666666,11.666666666666666,12.666666666666666,2.3333333333333335,3.0
INFO0543,3,11.0,11.0,11.666666666666666,1.6666666666666667,3.6666666666666665
INFO0388,3,11.0,11.0,11.333333333333334,2.3333333333333335,3.0
INFO0402,3,11.0,11.0,11.666666666666666,2.0,3.0
