date,interaction_count
2026-01-01,40
2026-01-02,90
2026-01-03,97
2026-01-04,103
2026-01-05,128
2026-01-06,137
2026-01-07,191
2026-01-08,188
2026-01-09,197
2026-01-10,174
2026-01-11,177
2026-01-12,199
2026-01-13,197
2026-01-14,201
2026-01-15,202
2026-01-16,249
2026-01-17,271
2026-01-18,214
2026-01-19,234
2026-01-20,278
2026-01-21,261
2026-01-22,248
2026-01-23,231
2026-01-24,233
2026-01-25,235
2026-01-26,257
2026-01-27,248
2026-01-28,316
2026-01-29,280
2026-01-30,348
2026-01-31,346
2026-02-01,310
2026-02-02,326
2026-02-03,318
2026-02-04,256
2026-02-05,268
2026-02-06,226
2026-02-07,236
2026-02-08,203
2026-02-09,205
2026-02-10,212
2026-02-11,239
2026-02-12,269
2026-02-13,236
2026-02-14,264
2026-02-15,258
2026-02-16,298
2026-02-17,259
2026-02-18,244
2026-02-19,246
2026-02-20,286
2026-02-21,277
2026-02-22,270
2026-02-23,301
2026-02-24,286
2026-02-25,285
2026-02-26,280
2026-02-27,262
2026-02-28,324
2026-03-01,264
2026-03-02,305
2026-03-03,290
2026-03-04,299
2026-03-05,310
2026-03-06,305
2026-03-07,299
2026-03-08,315
2026-03-09,280
2026-03-10,257
2026-03-11,271
2026-03-12,218
2026-03-13,243
2026-03-14,237
2026-03-15,249
2026-03-16,275
2026-03-17,266
2026-03-18,271
2026-03-19,317
2026-03-20,303
2026-03-21,306
2026-03-22,323
2026-03-23,345
2026-03-24,337
2026-03-25,305
2026-03-26,245
2026-03-27,270
2026-03-28,276
2026-03-29,274
2026-03-30,247
2026-03-31,229
2026-04-01,254
2026-04-02,214
2026-04-03,227
2026-04-04,219
2026-04-05,211
2026-04-06,193
2026-04-07,233
2026-04-08,193
2026-04-09,179
2026-04-10,166
2026-04-11,185
2026-04-12,179
2026-04-13,208
2026-04-14,251
2026-04-15,290
2026-04-16,289
2026-04-17,293
2026-04-18,297
2026-04-19,273
2026-04-20,318
2026-04-21,382
2026-04-22,352
2026-04-23,387
2026-04-24,416
2026-04-25,362
2026-04-26,378
2026-04-27,427
2026-04-28,405
2026-04-29,345
2026-04-30,393
2026-05-01,313
2026-05-02,356
2026-05-03,313
2026-05-04,293
2026-05-05,282
2026-05-06,293
2026-05-07,237
2026-05-08,306
2026-05-09,294
2026-05-10,261
2026-05-11,322
2026-05-12,293
2026-05-13,310
2026-05-14,300
2026-05-15,288
2026-05-16,296
2026-05-17,256
2026-05-18,280
2026-05-19,329
2026-05-20,288
2026-05-21,307
2026-05-22,370
2026-05-23,310
2026-05-24,332
2026-05-25,322
2026-05-26,279
2026-05-27,272
2026-05-28,297
2026-05-29,283
2026-05-30,312
2026-05-31,279
2026-06-01,256
2026-06-02,272
2026-06-03,202
2026-06-04,235
2026-06-05,256
2026-06-06,196
2026-06-07,227
2026-06-08,255
2026-06-09,232
2026-06-10,287
2026-06-11,226
2026-06-12,208
2026-06-13,252
2026-06-14,287
2026-06-15,251
2026-06-16,243
2026-06-17,216
2026-06-18,299
2026-06-19,287
2026-06-20,285
2026-06-21,286
2026-06-22,268
2026-06-23,287
2026-06-24,255
2026-06-25,255
2026-06-26,285
2026-06-27,293
2026-06-28,332
2026-06-29,468
2026-06-30,1762
